market,corp,등급구분,계절,일수,일평균가,중앙값,일평균반입,한국청과대비%,변동성%,신뢰,거리km,추정순수취,1위산지,1위산지점유%,경남산점유%,경남산상대%
부산엄궁,항도청과,특,여름,26,23340.53846153846,21591.0,,13.184677306301662,26.806786452606286,,95,21214.200769230767,,,,
강릉,강릉농산물도매시장,특,여름,35,23371.428571428572,23000.0,,15.847139435098523,30.430521879826518,,420,20755.428571428572,,,,
안산,안산농산물,특,여름,29,22681.03448275862,21000.0,,2.694731502774661,19.9329902445156,,340,20233.362068965514,,,,
진주,진주중앙청과,특,여름,10,21574.285714285717,16600.0,6.0,-4.285614452636377,62.899744574994685,,5,19706.585714285717,,,,
청주,청주청과,특,여름,35,21480.562300290723,18138.225255972695,227.4857142857143,3.591295262229832,18.929276640691974,,240,19266.92293927037,충청북도 청주시,25.081637779452397,0.0,
서울가락,한국청과,특,여름,35,21030.708564715445,19254.040758959945,2472.2285714285713,0.0,0.0,,335,18706.058965185362,강원 화천군,35.7918823964497,2.8279863165680474,37.595525227275786
구리,(주)인터넷청과,특,여름,34,20909.040610466087,20295.898230056308,1384.4705882352941,1.1312950764589935,19.54383091633545,,350,18570.40776773346,충청북도 제천시,73.22824609109449,0.0,
서울가락,중앙청과,미구분,여름,35,20427.742857142857,18124.0,,-2.061330622995916,13.267215513048495,,335,18145.300857142855,,,,
광주각화,광주청과,특,여름,35,19998.571428571428,19400.0,,-4.134581243155033,32.997818582883134,,170,17993.671428571426,,,,
진주,농협공판장,특,여름,34,19397.51299133582,19267.441860465115,70.26470588235294,-6.347840095267276,37.683859258519234,,5,17682.187081942313,,,,
대구북부,대양청과,특,여름,35,19574.4,18969.0,,-3.193878500205849,29.591500162312233,,130,17659.192,,,,
대전노은,대전중앙청과,미구분,여름,35,19470.571428571428,18730.0,,-4.46125772796071,19.514239127993083,,200,17457.631428571425,,,,
포항,포항농협,특,여름,24,19030.376506187527,19246.666666666664,23.083333333333332,5.851683598021085,31.10772415489336,,200,17048.2501507544,,,,
울산,울산원예농협,특,여름,31,18854.516805094798,17941.463414634145,66.74193548387096,-2.6922840053936192,30.263012615962264,,150,16959.70062873816,,,,
구리,농협공판장,특,여름,34,19175.062845589655,18734.867583396997,308.79411764705884,-7.256597799638554,26.229930281781865,,350,16957.80844639838,경기 양평군 청운면,26.735879607581676,0.0,
부산엄궁,부산청과,미구분,여름,35,18427.983689623397,17580.402010050253,212.31428571428572,-10.101733581325723,32.92320610134519,,95,16645.524831349758,강원 홍천,50.00672856950612,28.071591979545147,
부산반여,동부청과,특,여름,35,18416.830158730158,17816.0,,-9.049329281384322,35.074333982873306,,110,16612.652047619045,,,,
인천남촌,인천농산물,미구분,여름,34,18791.79411764706,17203.5,,-9.98428518505997,22.06103306310666,,380,16556.368529411764,,,,
대전오정,대전청과,미구분,여름,17,18205.882352941175,17500.0,,-10.625016679945599,23.243531132600214,,200,16281.47058823529,,,,
창원팔용,창원청과,특,여름,24,17943.75,17900.0,,-20.973157128141317,57.334674398140436,,70,16232.6875,,,,
대구북부,효성청과,특,여름,35,17584.571428571428,17828.0,,-14.105365239978429,28.992642762028286,,130,15808.651428571426,,,,
광주서부,호남청과,미구분,여름,35,17624.257142857143,16888.0,,-12.979665298069243,22.796094872776678,,170,15785.559142857142,,,,
서울강서,서부청과,특,여름,35,17615.542857142857,16551.0,,-15.162229600326416,17.017769110942794,,360,15492.454857142855,,,,
춘천,춘천중앙청과,특,여름,3,17666.666666666668,18000.0,,-6.760010656234982,36.80289240495478,표본적음,400,15480.0,,,,
광주각화,광주중앙청과,미구분,여름,35,17223.186264575244,15743.142857142857,,-17.90970286262499,13.530302973986716,,170,15412.563226054976,,,,
순천,순천원예농협,특,여름,34,16950.99268565374,16292.518711574445,45.55882352941177,-24.75465941751107,82.46766444628923,,100,15264.423197657976,,,,
구미,구미농협공판장,특,여름,34,15376.00338323362,14850.0,23.205882352941178,-24.392303635835187,36.3350778277672,,170,13694.683146407266,,,,
구미,구미중앙청과(주),특,여름,21,14714.285043042302,16200.0,13.047619047619047,-27.754906980121262,42.142192681989634,,170,13079.28509002934,,,,
인천남촌,덕풍청과,특,여름,35,13992.817975675118,12333.333333333334,,-33.465027508981926,35.440399871640196,,380,12093.32071737786,,,,
순천,순천남도청과,특,여름,10,13506.878023092528,13698.275862068966,10.5,-27.038604528742805,58.67197521348202,,100,12061.39656147605,,,,
원주,합동청과,특,여름,31,12029.36910604293,12094.117647058823,10.483870967741936,-43.57563970675128,57.45321037889328,,330,10342.313268619924,,,,
포항,포항농협,미구분,여름,5,11580.0,13000.0,2.8,-52.666012538997556,31.521927420800672,표본적음,200,10119.4,,,,
안동,시장전체(법인미구분),특,여름,6,9233.333333333334,8500.0,,-39.956950717686745,60.829050551306075,표본적음,230,7892.0,,,,
창원내서,마산청과,특,여름,6,6216.666666666667,5400.0,,-71.3610212485097,127.96659445369505,표본적음,70,5326.5,,,,
춘천,춘천중앙청과,특,겨울,5,58740.0,54700.0,,52.08082816547665,6.817602454659932,표본적음,400,53678.2,,,,
창원팔용,농협창원공판장,특,겨울,1,45000.0,45000.0,,34.405103870752704,,표본적음,70,41395.0,,,,
강릉,강릉농산물도매시장,특,겨울,11,42827.27272727273,42000.0,,17.49866948951404,10.429371841106034,,420,38849.36363636363,,,,
부산반여,동부청과,특,겨울,21,41370.0,41250.0,,8.66557206766505,18.41478764940906,,110,37959.1,,,,
광주각화,광주청과,특,겨울,23,40180.434782608696,36450.0,,5.39697697170034,20.241321734067135,,170,36762.80434782609,,,,
서울가락,한국청과,특,겨울,23,37597.75715129019,37493.78238341969,974.8695652173913,0.0,0.0,,335,34113.41415069988,경북 상주시,66.84506288466685,8.246365177058246,10.900749561434719
청주,청주청과,특,겨울,14,37287.98660514907,37166.23376623377,27.642857142857142,0.8820145021046333,14.34457137581292,,240,33967.82754278863,충청북도 청주시,85.01291989664082,0.0,
울산,울산원예농협,특,겨울,9,36937.81276820492,34400.0,11.0,1.2515346991762932,22.285980696889915,,150,33777.165874430575,,,,
대전노은,대전중앙청과,미구분,겨울,23,35573.913043478264,35390.0,,-5.371646653823648,10.230066745689005,,200,32433.739130434784,,,,
대구북부,효성청과,특,겨울,23,35044.217391304344,37800.0,,-7.808643216538524,15.84997201706185,,130,32046.122173913038,,,,
안산,안산농산물,특,겨울,3,34666.666666666664,34000.0,,-1.176323467712792,11.8203236154529,표본적음,340,31379.999999999996,,,,
진주,농협공판장,특,겨울,10,34101.052272073626,30400.0,25.5,-10.223819185816119,20.453794279946322,,5,31356.47861302847,,,,
인천남촌,인천농산물,미구분,겨울,23,33838.30434782609,35250.0,,-10.129685126195632,8.619601738154055,,380,30549.62304347826,,,,
대구북부,대양청과,특,겨울,23,32989.84782608696,33800.0,,-14.158813017080508,20.972521130017338,,130,30135.55847826087,,,,
광주서부,호남청과,미구분,겨울,19,32821.47368421053,32840.0,,-15.154414927228544,30.88677413989468,,170,29918.97052631579,,,,
서울강서,서부청과,특,겨울,23,32787.086956521736,34227.0,,-13.456957393210311,12.593757322684032,,360,29601.990869565212,,,,
부산엄궁,부산청과,미구분,겨울,18,31505.142521881575,31300.17543859649,41.72222222222222,-17.328245642097293,17.65553508588125,,95,28807.282545349863,경남 창원,63.51531291611185,68.44207723035952,
구리,(주)인터넷청과,특,겨울,18,31681.996761011265,31730.90962904499,506.6666666666667,-16.886442733484852,18.5562690422436,,350,28589.256987740475,전라남도 고흥군,98.05921052631578,0.2741228070175439,-7.6683230760703385
구리,농협공판장,특,겨울,5,31306.25336468299,33600.0,197.4,-16.55144357918695,42.99697725705987,표본적음,350,28239.81562915518,경북 상주시 상주우체국사서함,89.26038500506586,0.0,
포항,포항농협,특,겨울,2,30500.0,30500.0,4.5,-20.98207516501428,22.937483657472725,표본적음,200,27714.999999999996,,,,
서울가락,중앙청과,미구분,겨울,23,29565.652173913044,29542.0,,-21.314959871609584,9.899747506741289,,335,26643.55652173913,,,,
광주각화,광주중앙청과,미구분,겨울,23,26740.41219149326,26058.695652173912,,-28.744818402649873,9.509219283631666,,170,24263.583338088727,,,,
순천,순천원예농협,특,겨울,12,26231.830502546614,24536.23188405797,10.25,-26.341057495939314,25.71902107258784,,100,23895.60236736835,,,,
인천남촌,덕풍청과,특,겨울,1,22111.11111111111,22111.11111111111,,-39.606476585659,,표본적음,380,19643.333333333332,,,,
구미,구미중앙청과(주),특,겨울,2,20650.0,20650.0,2.0,-41.80911416427953,1.7210211974326575,표본적음,170,18599.5,,,,
구미,구미농협공판장,특,겨울,4,20272.321428571428,20500.0,7.75,-35.250207013819036,4.552142430047935,표본적음,170,18248.258928571428,,,,
창원팔용,창원청과,특,겨울,10,19030.0,19000.0,,-51.51229360941002,23.370502164951105,,70,17242.899999999998,,,,
