market,corp,date,item,variety,unit,grade,origin,qty,price,price_min,price_max,price_avg,granularity
대전노은,대전중앙청과,20250701,오이,백다다기,8kg,,,228,,7200,13700,12800,grade_agg
대전노은,대전중앙청과,20250701,오이,백다다기,10kg,,,249,,4000,23500,15190,grade_agg
대전노은,대전중앙청과,20250701,오이,백다다기,15kg,,,104,,5200,44000,26340,grade_agg
대전노은,대전중앙청과,20250701,오이,백다다기,20kg,,,10,,22600,43600,33100,grade_agg
대전노은,대전중앙청과,20250703,오이,백다다기,8kg,,,179,,6300,14800,13800,grade_agg
대전노은,대전중앙청과,20250703,오이,백다다기,10kg,,,246,,7000,25000,17140,grade_agg
대전노은,대전중앙청과,20250703,오이,백다다기,20kg,,,12,,16300,46000,43520,grade_agg
대전노은,대전중앙청과,20250703,오이,백다다기,15kg,,,76,,6000,46500,30140,grade_agg
대전노은,대전중앙청과,20250708,오이,백다다기,20kg,,,18,,25500,55500,49830,grade_agg
대전노은,대전중앙청과,20250708,오이,백다다기,18kg,,,16,,50000,50000,50000,grade_agg
대전노은,대전중앙청과,20250708,오이,백다다기,10kg,,,381,,1500,34000,18730,grade_agg
대전노은,대전중앙청과,20250708,오이,백다다기,8kg,,,280,,4500,12500,10220,grade_agg
대전노은,대전중앙청과,20250708,오이,백다다기,15kg,,,93,,2000,53300,29700,grade_agg
대전노은,대전중앙청과,20250710,오이,백다다기,15kg,,,54,,5000,55000,30730,grade_agg
대전노은,대전중앙청과,20250710,오이,백다다기,8kg,,,192,,3300,12100,10180,grade_agg
대전노은,대전중앙청과,20250710,오이,백다다기,18kg,,,15,,7700,41600,33600,grade_agg
대전노은,대전중앙청과,20250710,오이,백다다기,20kg,,,54,,20000,71500,58850,grade_agg
대전노은,대전중앙청과,20250710,오이,백다다기,10kg,,,446,,3300,35000,18500,grade_agg
대전노은,대전중앙청과,20250715,오이,백다다기,10kg,,,316,,4000,29000,21430,grade_agg
대전노은,대전중앙청과,20250715,오이,백다다기,20kg,,,116,,20000,82000,72320,grade_agg
대전노은,대전중앙청과,20250715,오이,백다다기,15kg,,,62,,16100,58000,40610,grade_agg
대전노은,대전중앙청과,20250715,오이,백다다기,8kg,,,189,,3300,13400,12200,grade_agg
대전노은,대전중앙청과,20250717,오이,백다다기,10kg,,,298,,7200,30500,19760,grade_agg
대전노은,대전중앙청과,20250717,오이,백다다기,15kg,,,62,,10000,60100,43670,grade_agg
대전노은,대전중앙청과,20250717,오이,백다다기,8kg,,,207,,5000,13700,13080,grade_agg
대전노은,대전중앙청과,20250717,오이,백다다기,20kg,,,116,,23300,68000,54100,grade_agg
대전노은,대전중앙청과,20250722,오이,백다다기,20kg,,,209,,11200,54200,34670,grade_agg
대전노은,대전중앙청과,20250722,오이,백다다기,18kg,,,11,,18000,36500,34810,grade_agg
대전노은,대전중앙청과,20250722,오이,백다다기,15kg,,,69,,4000,33300,24230,grade_agg
대전노은,대전중앙청과,20250722,오이,백다다기,10kg,,,252,,4000,22400,15550,grade_agg
대전노은,대전중앙청과,20250722,오이,백다다기,8kg,,,11,,12500,12500,12500,grade_agg
대전노은,대전중앙청과,20250724,오이,백다다기,10kg,,,224,,3300,26500,17050,grade_agg
대전노은,대전중앙청과,20250724,오이,백다다기,20kg,,,170,,7000,70000,47480,grade_agg
대전노은,대전중앙청과,20250724,오이,백다다기,15kg,,,73,,6600,40000,25910,grade_agg
대전노은,대전중앙청과,20250729,오이,백다다기,10kg,,,210,,7000,25000,16140,grade_agg
대전노은,대전중앙청과,20250729,오이,백다다기,15kg,,,62,,12200,42200,34500,grade_agg
대전노은,대전중앙청과,20250729,오이,백다다기,20kg,,,351,,10000,60000,49110,grade_agg
대전노은,대전중앙청과,20250731,오이,백다다기,15kg,,,53,,14000,43500,35930,grade_agg
대전노은,대전중앙청과,20250731,오이,백다다기,20kg,,,336,,11000,65000,40400,grade_agg
대전노은,대전중앙청과,20250731,오이,백다다기,10kg,,,207,,8800,24200,14570,grade_agg
대전노은,대전중앙청과,20250805,오이,백다다기,20kg,,,244,,3000,67000,31840,grade_agg
대전노은,대전중앙청과,20250805,오이,백다다기,10kg,,,188,,4000,27700,14130,grade_agg
대전노은,대전중앙청과,20250805,오이,백다다기,15kg,,,63,,10200,46600,36730,grade_agg
대전노은,대전중앙청과,20250807,오이,백다다기,15kg,,,53,,6600,45000,29090,grade_agg
대전노은,대전중앙청과,20250807,오이,백다다기,10kg,,,190,,1000,25000,16420,grade_agg
대전노은,대전중앙청과,20250807,오이,백다다기,20kg,,,198,,3000,62200,31200,grade_agg
대전노은,대전중앙청과,20250812,오이,백다다기,10kg,,,131,,3300,40500,25320,grade_agg
대전노은,대전중앙청과,20250812,오이,백다다기,20kg,,,44,,35000,88300,66140,grade_agg
대전노은,대전중앙청과,20250812,오이,백다다기,18kg,,,16,,30000,72800,52160,grade_agg
대전노은,대전중앙청과,20250812,오이,백다다기,15kg,,,35,,19000,70500,59410,grade_agg
대전노은,대전중앙청과,20250814,오이,백다다기,20kg,,,132,,25800,92000,67940,grade_agg
대전노은,대전중앙청과,20250814,오이,백다다기,15kg,,,34,,30000,76000,65190,grade_agg
대전노은,대전중앙청과,20250814,오이,백다다기,10kg,,,175,,10000,47000,38810,grade_agg
대전노은,대전중앙청과,20250819,오이,백다다기,20kg,,,109,,10000,71200,36240,grade_agg
대전노은,대전중앙청과,20250819,오이,백다다기,10kg,,,67,,5000,27500,17950,grade_agg
대전노은,대전중앙청과,20250819,오이,백다다기,15kg,,,64,,18000,54000,37600,grade_agg
대전노은,대전중앙청과,20250821,오이,백다다기,20kg,,,146,,20000,82000,55660,grade_agg
대전노은,대전중앙청과,20250821,오이,백다다기,15kg,,,59,,13300,66400,45630,grade_agg
대전노은,대전중앙청과,20250821,오이,백다다기,10kg,,,84,,1000,35200,26490,grade_agg
대전노은,대전중앙청과,20250826,오이,백다다기,20kg,,,161,,18000,85000,55900,grade_agg
대전노은,대전중앙청과,20250826,오이,백다다기,8kg,,,19,,7000,14500,13340,grade_agg
대전노은,대전중앙청과,20250826,오이,백다다기,15kg,,,50,,16000,64000,48520,grade_agg
대전노은,대전중앙청과,20250826,오이,백다다기,10kg,,,123,,5000,33600,22450,grade_agg
대전노은,대전중앙청과,20250828,오이,백다다기,20kg,,,155,,16600,91500,62280,grade_agg
대전노은,대전중앙청과,20250828,오이,백다다기,15kg,,,37,,16600,71000,43440,grade_agg
대전노은,대전중앙청과,20250828,오이,백다다기,10kg,,,165,,2000,32200,20530,grade_agg
대전노은,대전중앙청과,20250828,오이,백다다기,8kg,,,48,,5500,15200,12300,grade_agg
대전노은,대전중앙청과,20251202,오이,백다다기,18kg,,,55,,25600,85500,71960,grade_agg
대전노은,대전중앙청과,20251202,오이,백다다기,10kg,,,234,,11800,39000,32070,grade_agg
대전노은,대전중앙청과,20251204,오이,백다다기,18kg,,,44,,28000,80000,74890,grade_agg
대전노은,대전중앙청과,20251204,오이,백다다기,10kg,,,246,,11800,37600,32540,grade_agg
대전노은,대전중앙청과,20251209,오이,백다다기,18kg,,,23,,46300,75500,70590,grade_agg
대전노은,대전중앙청과,20251209,오이,백다다기,10kg,,,309,,15300,38600,32320,grade_agg
대전노은,대전중앙청과,20251211,오이,백다다기,10kg,,,249,,11600,39500,33130,grade_agg
대전노은,대전중앙청과,20251211,오이,백다다기,18kg,,,21,,48200,69000,68000,grade_agg
대전노은,대전중앙청과,20251211,오이,백다다기,20kg,,,16,,71000,71000,71000,grade_agg
대전노은,대전중앙청과,20251216,오이,백다다기,10kg,,,265,,12200,38500,31700,grade_agg
대전노은,대전중앙청과,20251216,오이,백다다기,18kg,,,39,,28000,67000,57640,grade_agg
대전노은,대전중앙청과,20251218,오이,백다다기,10kg,,,268,,6000,39300,33140,grade_agg
대전노은,대전중앙청과,20251218,오이,백다다기,18kg,,,8,,35800,48000,46470,grade_agg
대전노은,대전중앙청과,20251223,오이,백다다기,10kg,,,322,,5500,45600,35390,grade_agg
대전노은,대전중앙청과,20251223,오이,백다다기,18kg,,,37,,38500,88000,69760,grade_agg
대전노은,대전중앙청과,20251225,오이,백다다기,18kg,,,20,,42200,87000,78060,grade_agg
대전노은,대전중앙청과,20251225,오이,백다다기,10kg,,,318,,11200,48100,36890,grade_agg
대전노은,대전중앙청과,20251230,오이,백다다기,10kg,,,253,,8000,53400,41940,grade_agg
대전노은,대전중앙청과,20251230,오이,백다다기,18kg,,,33,,36300,115000,80260,grade_agg
대전노은,대전중앙청과,20260106,오이,백다다기,18kg,,,18,,41500,106000,88550,grade_agg
대전노은,대전중앙청과,20260106,오이,백다다기,10kg,,,203,,11600,54500,42460,grade_agg
대전노은,대전중앙청과,20260108,오이,백다다기,18kg,,,13,,47300,106000,93170,grade_agg
대전노은,대전중앙청과,20260108,오이,백다다기,10kg,,,198,,2500,55000,42320,grade_agg
대전노은,대전중앙청과,20260113,오이,백다다기,18kg,,,18,,44200,98500,86960,grade_agg
대전노은,대전중앙청과,20260113,오이,백다다기,10kg,,,188,,6600,45800,38320,grade_agg
대전노은,대전중앙청과,20260115,오이,백다다기,18kg,,,8,,87000,87000,87000,grade_agg
대전노은,대전중앙청과,20260115,오이,백다다기,10kg,,,159,,8200,40000,33740,grade_agg
대전노은,대전중앙청과,20260120,오이,백다다기,15kg,,,11,,23300,61300,50930,grade_agg
대전노은,대전중앙청과,20260120,오이,백다다기,10kg,,,212,,16300,46300,38120,grade_agg
대전노은,대전중앙청과,20260120,오이,백다다기,18kg,,,12,,83000,83000,83000,grade_agg
대전노은,대전중앙청과,20260122,오이,백다다기,10kg,,,144,,14500,43000,35330,grade_agg
대전노은,대전중앙청과,20260122,오이,백다다기,15kg,,,11,,46300,46300,46300,grade_agg
대전노은,대전중앙청과,20260122,오이,백다다기,18kg,,,37,,35500,82000,73180,grade_agg
대전노은,대전중앙청과,20260127,오이,백다다기,15kg,,,2,,23300,23300,23300,grade_agg
대전노은,대전중앙청과,20260127,오이,백다다기,10kg,,,141,,29000,41000,37590,grade_agg
대전노은,대전중앙청과,20260127,오이,백다다기,18kg,,,20,,64300,78000,76320,grade_agg
대전노은,대전중앙청과,20260129,오이,백다다기,18kg,,,9,,65000,82000,80110,grade_agg
대전노은,대전중앙청과,20260129,오이,백다다기,10kg,,,143,,9000,43600,35150,grade_agg
대전노은,대전중앙청과,20260129,오이,백다다기,15kg,,,3,,22300,22300,22300,grade_agg
대전노은,대전중앙청과,20260203,오이,백다다기,18kg,,,43,,10000,83000,73920,grade_agg
대전노은,대전중앙청과,20260203,오이,백다다기,15kg,,,2,,23300,23300,23300,grade_agg
대전노은,대전중앙청과,20260203,오이,백다다기,10kg,,,124,,13300,44200,40160,grade_agg
대전노은,대전중앙청과,20260205,오이,백다다기,18kg,,,32,,50000,91200,76300,grade_agg
대전노은,대전중앙청과,20260205,오이,백다다기,10kg,,,133,,10000,43700,38840,grade_agg
대전노은,대전중앙청과,20260205,오이,백다다기,15kg,,,1,,25600,25600,25600,grade_agg
대전노은,대전중앙청과,20260210,오이,백다다기,15kg,,,6,,20000,38200,29100,grade_agg
대전노은,대전중앙청과,20260210,오이,백다다기,18kg,,,17,,51200,86300,78510,grade_agg
대전노은,대전중앙청과,20260210,오이,백다다기,10kg,,,126,,21000,43300,38690,grade_agg
대전노은,대전중앙청과,20260212,오이,백다다기,18kg,,,31,,43300,91500,80510,grade_agg
대전노은,대전중앙청과,20260212,오이,백다다기,10kg,,,213,,10000,46000,38810,grade_agg
대전노은,대전중앙청과,20260224,오이,백다다기,10kg,,,189,,10600,27300,23300,grade_agg
대전노은,대전중앙청과,20260224,오이,백다다기,18kg,,,54,,18500,51300,41180,grade_agg
대전노은,대전중앙청과,20260226,오이,백다다기,18kg,,,57,,25500,62800,49990,grade_agg
대전노은,대전중앙청과,20260226,오이,백다다기,10kg,,,198,,7000,32800,26250,grade_agg
대전노은,대전중앙청과,20260702,오이,백다다기,10kg,,,743,,1500,16100,10580,grade_agg
대전노은,대전중앙청과,20260702,오이,백다다기,18kg,,,144,,3300,31500,20450,grade_agg
대전노은,대전중앙청과,20260702,오이,백다다기,8kg,,,619,,4100,7000,5730,grade_agg
대전노은,대전중앙청과,20260707,오이,백다다기,18kg,,,98,,2000,21500,15530,grade_agg
대전노은,대전중앙청과,20260707,오이,백다다기,20kg,,,162,,4500,20000,13030,grade_agg
대전노은,대전중앙청과,20260707,오이,백다다기,10kg,,,317,,2000,18300,9200,grade_agg
대전노은,대전중앙청과,20260707,오이,백다다기,8kg,,,309,,7200,9000,8170,grade_agg
대전노은,대전중앙청과,20260709,오이,백다다기,20kg,,,60,,14400,34000,26180,grade_agg
대전노은,대전중앙청과,20260709,오이,백다다기,18kg,,,76,,3000,26500,20240,grade_agg
대전노은,대전중앙청과,20260709,오이,백다다기,10kg,,,174,,2500,16800,10330,grade_agg
대전노은,대전중앙청과,20260709,오이,백다다기,8kg,,,225,,1000,8100,6660,grade_agg
대전노은,대전중앙청과,20260714,오이,백다다기,10kg,,,129,,10200,39000,30200,grade_agg
대전노은,대전중앙청과,20260714,오이,백다다기,8kg,,,52,,14000,17700,16390,grade_agg
대전노은,대전중앙청과,20260714,오이,백다다기,20kg,,,28,,38200,100000,67080,grade_agg
대전노은,대전중앙청과,20260714,오이,백다다기,18kg,,,40,,8800,78800,61840,grade_agg
대전노은,대전중앙청과,20260716,오이,백다다기,8kg,,,129,,17300,18800,18210,grade_agg
대전노은,대전중앙청과,20260716,오이,백다다기,20kg,,,111,,14200,94500,73160,grade_agg
대전노은,대전중앙청과,20260716,오이,백다다기,18kg,,,64,,21200,75600,60050,grade_agg
대전노은,대전중앙청과,20260716,오이,백다다기,10kg,,,229,,4000,31500,22750,grade_agg
대전노은,대전중앙청과,20260721,오이,백다다기,18kg,,,61,,1000,46300,28080,grade_agg
대전노은,대전중앙청과,20260721,오이,백다다기,20kg,,,62,,7700,47000,37160,grade_agg
대전노은,대전중앙청과,20260721,오이,백다다기,10kg,,,236,,2000,30000,19800,grade_agg
대전노은,대전중앙청과,20260723,오이,백다다기,10kg,,,280,,9000,36600,23770,grade_agg
대전노은,대전중앙청과,20260723,오이,백다다기,15kg,,,92,,10200,73500,39430,grade_agg
대전노은,대전중앙청과,20260728,오이,백다다기,18kg,,,70,,30000,61000,38140,grade_agg
대전노은,대전중앙청과,20260728,오이,백다다기,10kg,,,181,,3500,24800,16980,grade_agg
대전노은,대전중앙청과,20260728,오이,백다다기,20kg,,,5,,7500,9500,9100,grade_agg
대전노은,대전중앙청과,20260728,오이,백다다기,15kg,,,62,,5000,40000,28080,grade_agg
대전노은,대전중앙청과,20260730,오이,백다다기,18kg,,,44,,10500,63000,44010,grade_agg
대전노은,대전중앙청과,20260730,오이,백다다기,20kg,,,40,,15500,67700,35510,grade_agg
대전노은,대전중앙청과,20260730,오이,백다다기,10kg,,,243,,10000,38500,26770,grade_agg
대전노은,대전중앙청과,20260804,오이,백다다기,15kg,,,46,,6000,36300,25680,grade_agg
대전노은,대전중앙청과,20260804,오이,백다다기,20kg,,,266,,8500,58600,41530,grade_agg
대전노은,대전중앙청과,20260804,오이,백다다기,10kg,,,315,,4700,22000,14770,grade_agg
대전노은,대전중앙청과,20260806,오이,백다다기,15kg,,,77,,5000,31200,21610,grade_agg
대전노은,대전중앙청과,20260806,오이,백다다기,10kg,,,244,,4000,18600,13210,grade_agg
대전노은,대전중앙청과,20260806,오이,백다다기,20kg,,,223,,11500,43000,31150,grade_agg
대전노은,대전중앙청과,20260811,오이,백다다기,20kg,,,118,,12200,68000,51860,grade_agg
대전노은,대전중앙청과,20260811,오이,백다다기,15kg,,,50,,4000,33900,24080,grade_agg
대전노은,대전중앙청과,20260811,오이,백다다기,10kg,,,154,,2000,21500,15280,grade_agg
대전노은,대전중앙청과,20260813,오이,백다다기,10kg,,,140,,4500,37300,26750,grade_agg
대전노은,대전중앙청과,20260813,오이,백다다기,20kg,,,150,,23300,88200,64400,grade_agg
대전노은,대전중앙청과,20260813,오이,백다다기,15kg,,,50,,10000,71000,44330,grade_agg
대전노은,대전중앙청과,20260818,오이,백다다기,20kg,,,88,,26600,84000,43000,grade_agg
대전노은,대전중앙청과,20260818,오이,백다다기,15kg,,,82,,11000,82000,39750,grade_agg
대전노은,대전중앙청과,20260818,오이,백다다기,10kg,,,319,,1500,35800,19690,grade_agg
대전노은,대전중앙청과,20260820,오이,백다다기,10kg,,,261,,2500,42200,21470,grade_agg
대전노은,대전중앙청과,20260820,오이,백다다기,20kg,,,141,,12800,48000,30860,grade_agg
대전노은,대전중앙청과,20260820,오이,백다다기,15kg,,,119,,7000,68000,29910,grade_agg
대전노은,대전중앙청과,20260825,오이,백다다기,15kg,,,48,,9000,61300,22070,grade_agg
대전노은,대전중앙청과,20260825,오이,백다다기,20kg,,,124,,11500,51000,24130,grade_agg
대전노은,대전중앙청과,20260825,오이,백다다기,10kg,,,72,,4000,26700,19950,grade_agg
대전노은,대전중앙청과,20260827,오이,백다다기,20kg,,,112,,13800,49000,31590,grade_agg
대전노은,대전중앙청과,20260827,오이,백다다기,8kg,,,35,,5800,17000,14970,grade_agg
대전노은,대전중앙청과,20260827,오이,백다다기,10kg,,,254,,2000,41600,23810,grade_agg
대전노은,대전중앙청과,20260827,오이,백다다기,15kg,,,34,,8000,70000,28890,grade_agg
