market,corp,date,item,variety,unit,grade,origin,qty,price,price_min,price_max,price_avg,granularity
원주,합동청과,20250701,오이,오이(다다기),18.0kg 박스,일등,,6,23000,,,,trade
원주,합동청과,20250701,오이,오이(다다기),10.0kg 박스,일등,,1,15200,,,,trade
원주,합동청과,20250701,오이,오이(다다기),10.0kg 비포,일등,,6,13500,,,,trade
원주,합동청과,20250701,오이,오이(다다기),10.0kg 비포,이등,,3,6300,,,,trade
원주,합동청과,20250701,오이,오이(다다기),10.0kg 비포,삼등,,12,4800,,,,trade
원주,합동청과,20250701,오이,오이(다다기),10.0kg 비포,사등,,5,2200,,,,trade
원주,합동청과,20250701,오이,오이(다다기),18.0kg 박스,일등,,4,18000,,,,trade
원주,합동청과,20250701,오이,오이(다다기),18.0kg 박스,일등,,9,33000,,,,trade
원주,합동청과,20250701,오이,오이(다다기),18.0kg 박스,일등,,2,25000,,,,trade
원주,합동청과,20250701,오이,오이(다다기),10.0kg 비포,일등,,2,9300,,,,trade
원주,합동청과,20250701,오이,오이(다다기),10.0kg 비포,이등,,9,8100,,,,trade
원주,합동청과,20250701,오이,오이(다다기),10.0kg 비포,삼등,,3,6200,,,,trade
원주,합동청과,20250701,오이,오이(다다기),10.0kg 비포,사등,,1,4200,,,,trade
원주,합동청과,20250701,오이,오이(다다기),10.0kg 비포,사등,,1,3100,,,,trade
원주,합동청과,20250701,오이,오이(다다기),10.0kg 비포,사등,,1,3100,,,,trade
원주,합동청과,20250701,오이,오이(다다기),8.0kg 비포,하,,2,2600,,,,trade
원주,합동청과,20250701,오이,오이(다다기),10.0kg 박스,특상,,36,14700,,,,trade
원주,합동청과,20250701,오이,오이(다다기),10.0kg 박스,특,,1,7000,,,,trade
원주,합동청과,20250701,오이,오이(다다기),10.0kg 비포,특,,11,12600,,,,trade
원주,합동청과,20250701,오이,오이(다다기),10.0kg 비포,상,,4,8800,,,,trade
원주,합동청과,20250701,오이,오이(다다기),10.0kg 비포,하,,8,4300,,,,trade
원주,합동청과,20250701,오이,오이(다다기),10.0kg 비포,특,,5,12000,,,,trade
원주,합동청과,20250701,오이,오이(다다기),10.0kg 비포,상,,1,6500,,,,trade
원주,합동청과,20250701,오이,오이(다다기),10.0kg 박스,없음,,5,24780,,,,trade
원주,합동청과,20250703,오이,오이(다다기),18.0kg 박스,일등,,5,18200,,,,trade
원주,합동청과,20250703,오이,오이(다다기),10.0kg 비포,일등,,15,8300,,,,trade
원주,합동청과,20250703,오이,오이(다다기),10.0kg 비포,이등,,13,5800,,,,trade
원주,합동청과,20250703,오이,오이(다다기),10.0kg 비포,삼등,,10,3600,,,,trade
원주,합동청과,20250703,오이,오이(다다기),18.0kg 박스,일등,,10,28300,,,,trade
원주,합동청과,20250703,오이,오이(다다기),10.0kg 비포,일등,,11,7800,,,,trade
원주,합동청과,20250703,오이,오이(다다기),10.0kg 비포,이등,,4,7000,,,,trade
원주,합동청과,20250703,오이,오이(다다기),10.0kg 비포,삼등,,3,3800,,,,trade
원주,합동청과,20250703,오이,오이(다다기),10.0kg 비포,사등,,2,3000,,,,trade
원주,합동청과,20250703,오이,오이(다다기),10.0kg 비포,사등,,2,2000,,,,trade
원주,합동청과,20250703,오이,오이(다다기),10.0kg 박스,특상,,30,15500,,,,trade
원주,합동청과,20250703,오이,오이(다다기),10.0kg 박스,특,,1,5500,,,,trade
원주,합동청과,20250703,오이,오이(다다기),10.0kg 비포,일등,,14,11200,,,,trade
원주,합동청과,20250703,오이,오이(다다기),10.0kg 비포,이등,,7,6000,,,,trade
원주,합동청과,20250703,오이,오이(다다기),10.0kg 비포,삼등,,6,3000,,,,trade
원주,합동청과,20250703,오이,오이(다다기),10.0kg 비포,일등,,4,8000,,,,trade
원주,합동청과,20250703,오이,오이(다다기),10.0kg 박스,없음,,7,25800,,,,trade
원주,합동청과,20250703,오이,오이(다다기),10.0kg 박스,없음,,13,14600,,,,trade
원주,합동청과,20250703,오이,오이(다다기),10.0kg 박스,없음,,1,14610,,,,trade
원주,합동청과,20250708,오이,오이(다다기),18.0kg 박스,일등,,5,27600,,,,trade
원주,합동청과,20250708,오이,오이(다다기),18.0kg 박스,일등,,3,25000,,,,trade
원주,합동청과,20250708,오이,오이(다다기),10.0kg 비포,일등,,7,6800,,,,trade
원주,합동청과,20250708,오이,오이(다다기),10.0kg 비포,이등,,4,6200,,,,trade
원주,합동청과,20250708,오이,오이(다다기),10.0kg 비포,삼등,,14,3700,,,,trade
원주,합동청과,20250708,오이,오이(다다기),18.0kg 박스,일등,,4,26800,,,,trade
원주,합동청과,20250708,오이,오이(다다기),10.0kg 비포,일등,,1,2000,,,,trade
원주,합동청과,20250708,오이,오이(다다기),10.0kg 박스,특상,,40,21000,,,,trade
원주,합동청과,20250708,오이,오이(다다기),10.0kg 박스,특,,1,12600,,,,trade
원주,합동청과,20250708,오이,오이(다다기),10.0kg 비포,일등,,14,14300,,,,trade
원주,합동청과,20250708,오이,오이(다다기),10.0kg 비포,이등,,9,7600,,,,trade
원주,합동청과,20250708,오이,오이(다다기),10.0kg 비포,삼등,,3,3600,,,,trade
원주,합동청과,20250708,오이,오이(다다기),18.0kg 박스,일등,,6,25600,,,,trade
원주,합동청과,20250708,오이,오이(다다기),10.0kg 비포,일등,,1,7600,,,,trade
원주,합동청과,20250708,오이,오이(다다기),10.0kg 비포,일등,,3,8000,,,,trade
원주,합동청과,20250708,오이,오이(다다기),10.0kg 비포,이등,,3,5600,,,,trade
원주,합동청과,20250708,오이,오이(다다기),10.0kg 비포,삼등,,3,3700,,,,trade
원주,합동청과,20250708,오이,오이(다다기),18.0kg 박스,특,,7,28800,,,,trade
원주,합동청과,20250708,오이,오이(다다기),15.0kg 박스,특상,,2,22500,,,,trade
원주,합동청과,20250708,오이,오이(다다기),10.0kg 비포,일등,,9,8000,,,,trade
원주,합동청과,20250708,오이,오이(다다기),10.0kg 비포,이등,,3,6200,,,,trade
원주,합동청과,20250708,오이,오이(다다기),10.0kg 비포,삼등,,2,1500,,,,trade
원주,합동청과,20250710,오이,오이(다다기),18.0kg 박스,특,,7,34000,,,,trade
원주,합동청과,20250710,오이,오이(다다기),18.0kg 박스,특,,2,28000,,,,trade
원주,합동청과,20250710,오이,오이(다다기),10.0kg 비포,일등,,6,13800,,,,trade
원주,합동청과,20250710,오이,오이(다다기),10.0kg 비포,이등,,2,7800,,,,trade
원주,합동청과,20250710,오이,오이(다다기),10.0kg 비포,삼등,,12,3500,,,,trade
원주,합동청과,20250710,오이,오이(다다기),10.0kg 비포,사등,,1,1000,,,,trade
원주,합동청과,20250710,오이,오이(다다기),18.0kg 박스,일등,,5,29500,,,,trade
원주,합동청과,20250710,오이,오이(다다기),10.0kg 비포,일등,,2,5000,,,,trade
원주,합동청과,20250710,오이,오이(다다기),18.0kg 박스,특,,4,38000,,,,trade
원주,합동청과,20250710,오이,오이(다다기),10.0kg 비포,대,,1,6000,,,,trade
원주,합동청과,20250710,오이,오이(다다기),10.0kg 비포,일등,,4,8500,,,,trade
원주,합동청과,20250710,오이,오이(다다기),10.0kg 비포,이등,,2,7200,,,,trade
원주,합동청과,20250710,오이,오이(다다기),10.0kg 비포,삼등,,3,4900,,,,trade
원주,합동청과,20250710,오이,오이(다다기),10.0kg 박스,특상,,23,21200,,,,trade
원주,합동청과,20250710,오이,오이(다다기),10.0kg 박스,특,,1,8500,,,,trade
원주,합동청과,20250710,오이,오이(다다기),10.0kg 비포,특,,10,14200,,,,trade
원주,합동청과,20250710,오이,오이(다다기),10.0kg 비포,상,,10,9300,,,,trade
원주,합동청과,20250710,오이,오이(다다기),10.0kg 비포,중,,5,6600,,,,trade
원주,합동청과,20250710,오이,오이(다다기),10.0kg 박스,없음,,21,16250,,,,trade
원주,합동청과,20250710,오이,오이(다다기),18.0kg 박스,없음,,7,45750,,,,trade
원주,합동청과,20250710,오이,오이(다다기),10.0kg 박스,없음,,7,25200,,,,trade
원주,합동청과,20250715,오이,오이(다다기),18.0kg 박스,일등,,9,58000,,,,trade
원주,합동청과,20250715,오이,오이(다다기),18.0kg 박스,이등,,3,50000,,,,trade
원주,합동청과,20250715,오이,오이(다다기),10.0kg 비포,일등,,5,13200,,,,trade
원주,합동청과,20250715,오이,오이(다다기),10.0kg 비포,이등,,5,12200,,,,trade
원주,합동청과,20250715,오이,오이(다다기),10.0kg 비포,삼등,,12,7500,,,,trade
원주,합동청과,20250715,오이,오이(다다기),10.0kg 박스,특상,,19,27800,,,,trade
원주,합동청과,20250715,오이,오이(다다기),10.0kg 박스,특,,1,10000,,,,trade
원주,합동청과,20250715,오이,오이(다다기),10.0kg 비포,일등,,10,16300,,,,trade
원주,합동청과,20250715,오이,오이(다다기),10.0kg 비포,이등,,6,7500,,,,trade
원주,합동청과,20250715,오이,오이(다다기),10.0kg 비포,삼등,,5,3200,,,,trade
원주,합동청과,20250715,오이,오이(다다기),18.0kg 박스,일등,,11,59000,,,,trade
원주,합동청과,20250715,오이,오이(다다기),10.0kg 비포,일등,,4,14000,,,,trade
원주,합동청과,20250715,오이,오이(다다기),10.0kg 비포,이등,,3,8000,,,,trade
원주,합동청과,20250715,오이,오이(다다기),18.0kg 박스,특,,7,38600,,,,trade
원주,합동청과,20250715,오이,오이(다다기),10.0kg 박스,특상,,1,12600,,,,trade
원주,합동청과,20250715,오이,오이(다다기),10.0kg 비포,특,,6,13200,,,,trade
원주,합동청과,20250715,오이,오이(다다기),10.0kg 비포,상,,3,6900,,,,trade
원주,합동청과,20250715,오이,오이(다다기),18.0kg 박스,특,,6,39600,,,,trade
원주,합동청과,20250715,오이,오이(다다기),10.0kg 비포,일등,,5,12200,,,,trade
원주,합동청과,20250715,오이,오이(다다기),10.0kg 비포,이등,,3,8800,,,,trade
원주,합동청과,20250715,오이,오이(다다기),10.0kg 비포,삼등,,3,6900,,,,trade
원주,합동청과,20250715,오이,오이(다다기),10.0kg 비포,사등,,5,2300,,,,trade
원주,합동청과,20250717,오이,오이(다다기),18.0kg 박스,특,,8,37800,,,,trade
원주,합동청과,20250717,오이,오이(다다기),18.0kg 박스,특,,3,22100,,,,trade
원주,합동청과,20250717,오이,오이(다다기),10.0kg 박스,특,,1,14200,,,,trade
원주,합동청과,20250717,오이,오이(다다기),10.0kg 비포,일등,,6,9600,,,,trade
원주,합동청과,20250717,오이,오이(다다기),10.0kg 비포,이등,,6,7800,,,,trade
원주,합동청과,20250717,오이,오이(다다기),10.0kg 비포,삼등,,8,4200,,,,trade
원주,합동청과,20250717,오이,오이(다다기),10.0kg 비포,사등,,2,800,,,,trade
원주,합동청과,20250717,오이,오이(다다기),10.0kg 비포,특,,3,7000,,,,trade
원주,합동청과,20250717,오이,오이(다다기),10.0kg 비포,대,,1,5000,,,,trade
원주,합동청과,20250717,오이,오이(다다기),10.0kg 비포,하,,1,1000,,,,trade
원주,합동청과,20250717,오이,오이(다다기),10.0kg 박스,특,,3,12200,,,,trade
원주,합동청과,20250717,오이,오이(다다기),10.0kg 박스,특,,3,4500,,,,trade
원주,합동청과,20250717,오이,오이(다다기),10.0kg 박스,대,,1,3000,,,,trade
원주,합동청과,20250717,오이,오이(다다기),18.0kg 박스,특,,6,44400,,,,trade
원주,합동청과,20250717,오이,오이(다다기),10.0kg 박스,특상,,16,24000,,,,trade
원주,합동청과,20250717,오이,오이(다다기),10.0kg 박스,특,,1,12600,,,,trade
원주,합동청과,20250717,오이,오이(다다기),10.0kg 비포,일등,,12,16700,,,,trade
원주,합동청과,20250717,오이,오이(다다기),10.0kg 비포,이등,,6,6000,,,,trade
원주,합동청과,20250717,오이,오이(다다기),10.0kg 비포,삼등,,4,3800,,,,trade
원주,합동청과,20250717,오이,오이(다다기),18.0kg 박스,특,,10,33700,,,,trade
원주,합동청과,20250717,오이,오이(다다기),10.0kg 비포,특,,10,10000,,,,trade
원주,합동청과,20250717,오이,오이(다다기),10.0kg 비포,상,,5,5200,,,,trade
원주,합동청과,20250717,오이,오이(다다기),18.0kg 박스,없음,,3,59500,,,,trade
원주,합동청과,20250722,오이,오이(다다기),18.0kg 박스,특,,10,18500,,,,trade
원주,합동청과,20250722,오이,오이(다다기),18.0kg 박스,특,,4,14500,,,,trade
원주,합동청과,20250722,오이,오이(다다기),10.0kg 박스,특,,1,6500,,,,trade
원주,합동청과,20250722,오이,오이(다다기),10.0kg 비포,일등,,6,2500,,,,trade
원주,합동청과,20250722,오이,오이(다다기),10.0kg 비포,이등,,7,2000,,,,trade
원주,합동청과,20250722,오이,오이(다다기),10.0kg 비포,삼등,,23,1500,,,,trade
원주,합동청과,20250722,오이,오이(다다기),10.0kg 비포,사등,,2,500,,,,trade
원주,합동청과,20250722,오이,오이(다다기),10.0kg 박스,일등,,4,4800,,,,trade
원주,합동청과,20250722,오이,오이(다다기),10.0kg 박스,일등,,2,5300,,,,trade
원주,합동청과,20250722,오이,오이(다다기),18.0kg 박스,일등,,3,38000,,,,trade
원주,합동청과,20250722,오이,오이(다다기),10.0kg 박스,일등,,5,18200,,,,trade
원주,합동청과,20250722,오이,오이(다다기),18.0kg 박스,특대,,4,23800,,,,trade
원주,합동청과,20250722,오이,오이(다다기),18.0kg 박스,특,,3,16000,,,,trade
원주,합동청과,20250722,오이,오이(다다기),10.0kg 비포,특대,,9,7800,,,,trade
원주,합동청과,20250722,오이,오이(다다기),10.0kg 비포,특,,7,3400,,,,trade
원주,합동청과,20250722,오이,오이(다다기),10.0kg 비포,상,,1,3200,,,,trade
원주,합동청과,20250722,오이,오이(다다기),10.0kg 비포,하,,2,3000,,,,trade
원주,합동청과,20250722,오이,오이(다다기),18.0kg 박스,일등,,8,36000,,,,trade
원주,합동청과,20250722,오이,오이(다다기),10.0kg 비포,일등,,3,7000,,,,trade
원주,합동청과,20250722,오이,오이(다다기),10.0kg 비포,이등,,1,2500,,,,trade
원주,합동청과,20250724,오이,오이(다다기),18.0kg 박스,일등,,5,28300,,,,trade
원주,합동청과,20250724,오이,오이(다다기),10.0kg 비포,일등,,2,9500,,,,trade
원주,합동청과,20250724,오이,오이(다다기),18.0kg 박스,일등,,6,15600,,,,trade
원주,합동청과,20250724,오이,오이(다다기),10.0kg 비포,일등,,9,7300,,,,trade
원주,합동청과,20250724,오이,오이(다다기),10.0kg 비포,이등,,5,5200,,,,trade
원주,합동청과,20250724,오이,오이(다다기),18.0kg 박스,특대,,7,36800,,,,trade
원주,합동청과,20250724,오이,오이(다다기),18.0kg 박스,특,,1,22000,,,,trade
원주,합동청과,20250724,오이,오이(다다기),10.0kg 비포,특대,,9,8800,,,,trade
원주,합동청과,20250724,오이,오이(다다기),10.0kg 비포,특,,2,4100,,,,trade
원주,합동청과,20250724,오이,오이(다다기),18.0kg 박스,없음,,1,57750,,,,trade
원주,합동청과,20250729,오이,오이(다다기),18.0kg 박스,특,,9,27600,,,,trade
원주,합동청과,20250729,오이,오이(다다기),18.0kg 박스,특,,5,17800,,,,trade
원주,합동청과,20250729,오이,오이(다다기),10.0kg 비포,일등,,7,7400,,,,trade
원주,합동청과,20250729,오이,오이(다다기),10.0kg 비포,이등,,11,5600,,,,trade
원주,합동청과,20250729,오이,오이(다다기),10.0kg 비포,삼등,,17,2300,,,,trade
원주,합동청과,20250729,오이,오이(다다기),10.0kg 비포,사등,,2,300,,,,trade
원주,합동청과,20250729,오이,오이(다다기),18.0kg 박스,특대,,16,36700,,,,trade
원주,합동청과,20250729,오이,오이(다다기),18.0kg 박스,특,,2,27500,,,,trade
원주,합동청과,20250729,오이,오이(다다기),10.0kg 비포,특대,,16,5800,,,,trade
원주,합동청과,20250729,오이,오이(다다기),10.0kg 비포,특,,2,5000,,,,trade
원주,합동청과,20250729,오이,오이(다다기),10.0kg 비포,상,,2,4200,,,,trade
원주,합동청과,20250729,오이,오이(다다기),18.0kg 박스,특,,1,29500,,,,trade
원주,합동청과,20250729,오이,오이(다다기),10.0kg 박스,특,,12,25000,,,,trade
원주,합동청과,20250729,오이,오이(다다기),18.0kg 박스,일등,,6,41000,,,,trade
원주,합동청과,20250729,오이,오이(다다기),10.0kg 비포,일등,,3,9800,,,,trade
원주,합동청과,20250729,오이,오이(다다기),10.0kg 비포,이등,,1,7700,,,,trade
원주,합동청과,20250729,오이,오이(다다기),10.0kg 비포,삼등,,1,7000,,,,trade
원주,합동청과,20250729,오이,오이(다다기),18.0kg 박스,없음,,2,52750,,,,trade
원주,합동청과,20250729,오이,오이(다다기),10.0kg 박스,없음,,9,17850,,,,trade
원주,합동청과,20250731,오이,오이(다다기),18.0kg 박스,특,,7,34000,,,,trade
원주,합동청과,20250731,오이,오이(다다기),18.0kg 박스,특,,3,23000,,,,trade
원주,합동청과,20250731,오이,오이(다다기),10.0kg 비포,일등,,5,11200,,,,trade
원주,합동청과,20250731,오이,오이(다다기),10.0kg 비포,이등,,8,7500,,,,trade
원주,합동청과,20250731,오이,오이(다다기),10.0kg 비포,삼등,,15,1600,,,,trade
원주,합동청과,20250731,오이,오이(다다기),10.0kg 박스,일등,,5,28000,,,,trade
원주,합동청과,20250731,오이,오이(다다기),18.0kg 박스,특대,,17,48300,,,,trade
원주,합동청과,20250731,오이,오이(다다기),18.0kg 박스,특,,2,31200,,,,trade
원주,합동청과,20250731,오이,오이(다다기),10.0kg 비포,특대,,22,11600,,,,trade
원주,합동청과,20250731,오이,오이(다다기),10.0kg 비포,특,,1,6900,,,,trade
원주,합동청과,20250731,오이,오이(다다기),10.0kg 비포,상,,1,4600,,,,trade
원주,합동청과,20250731,오이,오이(다다기),18.0kg 박스,특,,9,38800,,,,trade
원주,합동청과,20250731,오이,오이(다다기),10.0kg 박스,상,,1,19000,,,,trade
원주,합동청과,20250731,오이,오이(다다기),10.0kg 비포,일등,,3,11600,,,,trade
원주,합동청과,20250731,오이,오이(다다기),10.0kg 비포,이등,,2,7500,,,,trade
원주,합동청과,20250731,오이,오이(다다기),10.0kg 박스,없음,,1,26250,,,,trade
원주,합동청과,20250805,오이,오이(다다기),18.0kg 박스,특,,13,17800,,,,trade
원주,합동청과,20250805,오이,오이(다다기),18.0kg 박스,특,,3,16000,,,,trade
원주,합동청과,20250805,오이,오이(다다기),10.0kg 비포,일등,,6,7800,,,,trade
원주,합동청과,20250805,오이,오이(다다기),10.0kg 비포,이등,,7,6800,,,,trade
원주,합동청과,20250805,오이,오이(다다기),10.0kg 비포,삼등,,20,1800,,,,trade
원주,합동청과,20250805,오이,오이(다다기),10.0kg 박스,일등,,9,19000,,,,trade
원주,합동청과,20250805,오이,오이(다다기),18.0kg 박스,특,,5,23000,,,,trade
원주,합동청과,20250805,오이,오이(다다기),10.0kg 비포,특대,,27,5000,,,,trade
원주,합동청과,20250805,오이,오이(다다기),10.0kg 비포,특,,1,2000,,,,trade
원주,합동청과,20250805,오이,오이(다다기),18.0kg 박스,특,,6,36800,,,,trade
원주,합동청과,20250805,오이,오이(다다기),15.0kg 박스,상,,1,11200,,,,trade
원주,합동청과,20250805,오이,오이(다다기),10.0kg 비포,일등,,3,9600,,,,trade
원주,합동청과,20250805,오이,오이(다다기),10.0kg 비포,이등,,5,6800,,,,trade
원주,합동청과,20250805,오이,오이(다다기),10.0kg 비포,삼등,,2,4000,,,,trade
원주,합동청과,20250805,오이,오이(다다기),18.0kg 박스,특,,4,11300,,,,trade
원주,합동청과,20250807,오이,오이(다다기),18.0kg 박스,특,,5,23000,,,,trade
원주,합동청과,20250807,오이,오이(다다기),18.0kg 박스,특,,2,15500,,,,trade
원주,합동청과,20250807,오이,오이(다다기),10.0kg 비포,일등,,2,7500,,,,trade
원주,합동청과,20250807,오이,오이(다다기),10.0kg 비포,이등,,4,6300,,,,trade
원주,합동청과,20250807,오이,오이(다다기),10.0kg 비포,삼등,,10,2000,,,,trade
원주,합동청과,20250807,오이,오이(다다기),18.0kg 박스,특대,,4,43000,,,,trade
원주,합동청과,20250807,오이,오이(다다기),18.0kg 박스,특,,1,16000,,,,trade
원주,합동청과,20250807,오이,오이(다다기),10.0kg 비포,특대,,37,8500,,,,trade
원주,합동청과,20250807,오이,오이(다다기),10.0kg 비포,특,,3,6500,,,,trade
원주,합동청과,20250807,오이,오이(다다기),18.0kg 박스,특,,5,46600,,,,trade
원주,합동청과,20250807,오이,오이(다다기),18.0kg 박스,상,,1,19000,,,,trade
원주,합동청과,20250807,오이,오이(다다기),10.0kg 비포,일등,,2,16000,,,,trade
원주,합동청과,20250807,오이,오이(다다기),10.0kg 비포,이등,,6,7500,,,,trade
원주,합동청과,20250807,오이,오이(다다기),18.0kg 박스,일등,,3,16500,,,,trade
원주,합동청과,20250807,오이,오이(다다기),18.0kg 박스,없음,,5,50610,,,,trade
원주,합동청과,20250812,오이,오이(다다기),18.0kg 박스,특,,3,40000,,,,trade
원주,합동청과,20250812,오이,오이(다다기),18.0kg 박스,특,,2,27800,,,,trade
원주,합동청과,20250812,오이,오이(다다기),10.0kg 비포,일등,,2,11000,,,,trade
원주,합동청과,20250812,오이,오이(다다기),10.0kg 비포,이등,,3,10000,,,,trade
원주,합동청과,20250812,오이,오이(다다기),10.0kg 비포,삼등,,7,4000,,,,trade
원주,합동청과,20250812,오이,오이(다다기),18.0kg 박스,특,,3,64400,,,,trade
원주,합동청과,20250812,오이,오이(다다기),18.0kg 박스,상,,1,38000,,,,trade
원주,합동청과,20250812,오이,오이(다다기),10.0kg 비포,일등,,1,13700,,,,trade
원주,합동청과,20250812,오이,오이(다다기),10.0kg 비포,이등,,6,12800,,,,trade
원주,합동청과,20250812,오이,오이(다다기),10.0kg 비포,삼등,,1,7500,,,,trade
원주,합동청과,20250812,오이,오이(다다기),18.0kg 박스,특대,,2,68000,,,,trade
원주,합동청과,20250812,오이,오이(다다기),10.0kg 비포,특대,,28,14000,,,,trade
원주,합동청과,20250812,오이,오이(다다기),10.0kg 비포,특,,1,11000,,,,trade
원주,합동청과,20250812,오이,오이(다다기),18.0kg 박스,특,,15,41200,,,,trade
원주,합동청과,20250812,오이,오이(다다기),10.0kg 비포,특,,5,10000,,,,trade
원주,합동청과,20250812,오이,오이(다다기),10.0kg 비포,하,,3,7200,,,,trade
원주,합동청과,20250812,오이,오이(다다기),18.0kg 박스,특,,5,16000,,,,trade
원주,합동청과,20250812,오이,오이(다다기),10.0kg 비포,일등,,3,4000,,,,trade
원주,합동청과,20250812,오이,오이(다다기),18.0kg 박스,없음,,1,51850,,,,trade
원주,합동청과,20250812,오이,오이(다다기),10.0kg 박스,없음,,1,34580,,,,trade
원주,합동청과,20250812,오이,오이(다다기),10.0kg 박스,없음,,2,36750,,,,trade
원주,합동청과,20250814,오이,오이(다다기),18.0kg 박스,특,,4,48500,,,,trade
원주,합동청과,20250814,오이,오이(다다기),18.0kg 박스,특,,2,33600,,,,trade
원주,합동청과,20250814,오이,오이(다다기),10.0kg 비포,일등,,3,14500,,,,trade
원주,합동청과,20250814,오이,오이(다다기),10.0kg 비포,이등,,3,12500,,,,trade
원주,합동청과,20250814,오이,오이(다다기),10.0kg 비포,삼등,,6,4300,,,,trade
원주,합동청과,20250814,오이,오이(다다기),18.0kg 박스,일등,,8,27000,,,,trade
원주,합동청과,20250814,오이,오이(다다기),10.0kg 비포,일등,,5,12500,,,,trade
원주,합동청과,20250814,오이,오이(다다기),18.0kg 박스,특,,3,72000,,,,trade
원주,합동청과,20250814,오이,오이(다다기),18.0kg 박스,상,,1,31000,,,,trade
원주,합동청과,20250814,오이,오이(다다기),10.0kg 비포,일등,,1,13600,,,,trade
원주,합동청과,20250814,오이,오이(다다기),10.0kg 비포,이등,,3,11500,,,,trade
원주,합동청과,20250814,오이,오이(다다기),10.0kg 비포,삼등,,1,3000,,,,trade
원주,합동청과,20250814,오이,오이(다다기),18.0kg 박스,특,,12,56700,,,,trade
원주,합동청과,20250814,오이,오이(다다기),10.0kg 비포,특,,4,13500,,,,trade
원주,합동청과,20250814,오이,오이(다다기),10.0kg 비포,중,,2,11200,,,,trade
원주,합동청과,20250814,오이,오이(다다기),10.0kg 비포,하,,3,8800,,,,trade
원주,합동청과,20250814,오이,오이(다다기),10.0kg 박스,특,,7,27800,,,,trade
원주,합동청과,20250814,오이,오이(다다기),10.0kg 박스,상,,1,1500,,,,trade
원주,합동청과,20250819,오이,오이(다다기),18.0kg 박스,특,,4,23500,,,,trade
원주,합동청과,20250819,오이,오이(다다기),18.0kg 박스,특,,1,18000,,,,trade
원주,합동청과,20250819,오이,오이(다다기),10.0kg 비포,일등,,5,13600,,,,trade
원주,합동청과,20250819,오이,오이(다다기),10.0kg 비포,이등,,4,12200,,,,trade
원주,합동청과,20250819,오이,오이(다다기),10.0kg 비포,삼등,,7,3000,,,,trade
원주,합동청과,20250819,오이,오이(다다기),18.0kg 박스,일등,,2,67500,,,,trade
원주,합동청과,20250819,오이,오이(다다기),10.0kg 비포,일등,,19,14500,,,,trade
원주,합동청과,20250819,오이,오이(다다기),18.0kg 박스,일등,,14,28800,,,,trade
원주,합동청과,20250819,오이,오이(다다기),10.0kg 비포,일등,,15,7800,,,,trade
원주,합동청과,20250819,오이,오이(다다기),10.0kg 비포,이등,,6,6500,,,,trade
원주,합동청과,20250819,오이,오이(다다기),10.0kg 비포,삼등,,2,2000,,,,trade
원주,합동청과,20250819,오이,오이(다다기),18.0kg 박스,일등,,5,16500,,,,trade
원주,합동청과,20250819,오이,오이(다다기),18.0kg 박스,일등,,4,67700,,,,trade
원주,합동청과,20250819,오이,오이(다다기),10.0kg 박스,이등,,1,21500,,,,trade
원주,합동청과,20250819,오이,오이(다다기),10.0kg 비포,일등,,3,16200,,,,trade
원주,합동청과,20250819,오이,오이(다다기),10.0kg 비포,이등,,5,11500,,,,trade
원주,합동청과,20250819,오이,오이(다다기),18.0kg 박스,없음,,5,69930,,,,trade
원주,합동청과,20250819,오이,오이(다다기),18.0kg 박스,없음,,13,52500,,,,trade
원주,합동청과,20250821,오이,오이(다다기),18.0kg 박스,특,,8,26700,,,,trade
원주,합동청과,20250821,오이,오이(다다기),10.0kg 비포,상,,2,2500,,,,trade
원주,합동청과,20250821,오이,오이(다다기),18.0kg 박스,특,,2,74400,,,,trade
원주,합동청과,20250821,오이,오이(다다기),10.0kg 박스,상,,1,16200,,,,trade
원주,합동청과,20250821,오이,오이(다다기),10.0kg 비포,일등,,2,18100,,,,trade
원주,합동청과,20250821,오이,오이(다다기),10.0kg 비포,이등,,5,12500,,,,trade
원주,합동청과,20250821,오이,오이(다다기),10.0kg 비포,삼등,,2,6000,,,,trade
원주,합동청과,20250821,오이,오이(다다기),18.0kg 박스,특,,6,37500,,,,trade
원주,합동청과,20250821,오이,오이(다다기),10.0kg 비포,특,,4,8800,,,,trade
원주,합동청과,20250821,오이,오이(다다기),10.0kg 비포,중,,1,3800,,,,trade
원주,합동청과,20250821,오이,오이(다다기),10.0kg 박스,일등,,9,16700,,,,trade
원주,합동청과,20250821,오이,오이(다다기),18.0kg 박스,없음,,1,89250,,,,trade
원주,합동청과,20250826,오이,오이(다다기),18.0kg 박스,특,,9,54500,,,,trade
원주,합동청과,20250826,오이,오이(다다기),10.0kg 비포,특,,13,15600,,,,trade
원주,합동청과,20250826,오이,오이(다다기),10.0kg 비포,중,,6,8200,,,,trade
원주,합동청과,20250826,오이,오이(다다기),18.0kg 박스,일등,,5,44600,,,,trade
원주,합동청과,20250826,오이,오이(다다기),10.0kg 비포,일등,,2,7600,,,,trade
원주,합동청과,20250826,오이,오이(다다기),18.0kg 박스,특,,4,72000,,,,trade
원주,합동청과,20250826,오이,오이(다다기),10.0kg 박스,상,,1,24000,,,,trade
원주,합동청과,20250826,오이,오이(다다기),10.0kg 비포,일등,,5,23600,,,,trade
원주,합동청과,20250826,오이,오이(다다기),10.0kg 비포,이등,,7,18600,,,,trade
원주,합동청과,20250826,오이,오이(다다기),10.0kg 비포,삼등,,4,9100,,,,trade
원주,합동청과,20250826,오이,오이(다다기),18.0kg 박스,없음,,5,33180,,,,trade
원주,합동청과,20250828,오이,오이(다다기),18.0kg 박스,특,,4,57600,,,,trade
원주,합동청과,20250828,오이,오이(다다기),10.0kg 비포,일등,,4,18800,,,,trade
원주,합동청과,20250828,오이,오이(다다기),10.0kg 비포,이등,,2,13000,,,,trade
원주,합동청과,20250828,오이,오이(다다기),18.0kg 박스,특,,2,83400,,,,trade
원주,합동청과,20250828,오이,오이(다다기),10.0kg 박스,상,,1,21600,,,,trade
원주,합동청과,20250828,오이,오이(다다기),10.0kg 비포,일등,,2,24200,,,,trade
원주,합동청과,20250828,오이,오이(다다기),10.0kg 비포,이등,,5,19300,,,,trade
원주,합동청과,20250828,오이,오이(다다기),10.0kg 비포,삼등,,3,11000,,,,trade
원주,합동청과,20251202,오이,오이(다다기),18.0kg 박스,일등,,4,80200,,,,trade
원주,합동청과,20251202,오이,오이(다다기),18.0kg 박스,없음,,3,81900,,,,trade
원주,합동청과,20251202,오이,오이(다다기),10.0kg 박스,없음,,7,32550,,,,trade
원주,합동청과,20251202,오이,오이(다다기),10.0kg 박스,없음,,5,46410,,,,trade
원주,합동청과,20251204,오이,오이(다다기),18.0kg 박스,일등,,4,77600,,,,trade
원주,합동청과,20251204,오이,오이(다다기),18.0kg 박스,없음,,4,70000,,,,trade
원주,합동청과,20251209,오이,오이(다다기),10.0kg 박스,일등,,10,38600,,,,trade
원주,합동청과,20251209,오이,오이(다다기),10.0kg 박스,없음,,5,44520,,,,trade
원주,합동청과,20251209,오이,오이(다다기),10.0kg 박스,없음,,9,40250,,,,trade
원주,합동청과,20251211,오이,오이(다다기),10.0kg 박스,일등,,7,42800,,,,trade
원주,합동청과,20251211,오이,오이(다다기),10.0kg 박스,일등,,10,38800,,,,trade
원주,합동청과,20251211,오이,오이(다다기),18.0kg 박스,없음,,10,40110,,,,trade
원주,합동청과,20251211,오이,오이(다다기),18.0kg 박스,없음,,5,52500,,,,trade
원주,합동청과,20251211,오이,오이(다다기),10.0kg 박스,없음,,14,30000,,,,trade
원주,합동청과,20251216,오이,오이(다다기),10.0kg 박스,특상,,10,41600,,,,trade
원주,합동청과,20251216,오이,오이(다다기),10.0kg 박스,특상,,10,42200,,,,trade
원주,합동청과,20251218,오이,오이(다다기),10.0kg 박스,일등,,10,41000,,,,trade
원주,합동청과,20251218,오이,오이(다다기),10.0kg 박스,일등,,12,36600,,,,trade
원주,합동청과,20251218,오이,오이(다다기),18.0kg 박스,없음,,1,89250,,,,trade
원주,합동청과,20251223,오이,오이(다다기),10.0kg 박스,일등,,11,37600,,,,trade
원주,합동청과,20251225,오이,오이(다다기),10.0kg 박스,일등,,10,39600,,,,trade
원주,합동청과,20251230,오이,오이(다다기),10.0kg 박스,일등,,10,38800,,,,trade
원주,합동청과,20251230,오이,오이(다다기),15.0kg 박스,없음,,1,64050,,,,trade
원주,합동청과,20251230,오이,오이(다다기),15.0kg 박스,없음,,35,44640,,,,trade
원주,합동청과,20251230,오이,오이(다다기),18.0kg 박스,없음,,7,104250,,,,trade
원주,합동청과,20251230,오이,오이(다다기),10.0kg 박스,없음,,1,59850,,,,trade
원주,합동청과,20260106,오이,오이(다다기),10.0kg 박스,일등,,8,42400,,,,trade
원주,합동청과,20260106,오이,오이(다다기),10.0kg 박스,일등,,7,43300,,,,trade
원주,합동청과,20260106,오이,오이(다다기),10.0kg 박스,일등,,1,43300,,,,trade
원주,합동청과,20260108,오이,오이(다다기),10.0kg 박스,일등,,9,42800,,,,trade
원주,합동청과,20260113,오이,오이(다다기),10.0kg 박스,일등,,8,47800,,,,trade
원주,합동청과,20260113,오이,오이(다다기),10.0kg 박스,일등,,7,47800,,,,trade
원주,합동청과,20260115,오이,오이(다다기),10.0kg 박스,일등,,7,47200,,,,trade
원주,합동청과,20260115,오이,오이(다다기),10.0kg 박스,일등,,8,48800,,,,trade
원주,합동청과,20260120,오이,오이(다다기),10.0kg 박스,일등,,7,47800,,,,trade
원주,합동청과,20260120,오이,오이(다다기),10.0kg 박스,일등,,7,48800,,,,trade
원주,합동청과,20260120,오이,오이(다다기),10.0kg 박스,일등,,6,49600,,,,trade
원주,합동청과,20260120,오이,오이(다다기),10.0kg 박스,없음,,2,54600,,,,trade
원주,합동청과,20260122,오이,오이(다다기),10.0kg 박스,일등,,7,45800,,,,trade
원주,합동청과,20260122,오이,오이(다다기),10.0kg 박스,일등,,7,46200,,,,trade
원주,합동청과,20260122,오이,오이(다다기),18.0kg 박스,없음,,2,99750,,,,trade
원주,합동청과,20260122,오이,오이(다다기),10.0kg 박스,없음,,8,31500,,,,trade
원주,합동청과,20260127,오이,오이(다다기),10.0kg 박스,일등,,7,45500,,,,trade
원주,합동청과,20260127,오이,오이(다다기),10.0kg 박스,일등,,8,44500,,,,trade
원주,합동청과,20260127,오이,오이(다다기),10.0kg 박스,없음,,13,28350,,,,trade
원주,합동청과,20260127,오이,오이(다다기),18.0kg 박스,없음,,1,95550,,,,trade
원주,합동청과,20260129,오이,오이(다다기),10.0kg 박스,일등,,7,44600,,,,trade
원주,합동청과,20260129,오이,오이(다다기),10.0kg 박스,일등,,7,45300,,,,trade
원주,합동청과,20260129,오이,오이(다다기),10.0kg 박스,일등,,6,45700,,,,trade
원주,합동청과,20260129,오이,오이(다다기),10.0kg 박스,없음,,4,31600,,,,trade
원주,합동청과,20260129,오이,오이(다다기),15.0kg 박스,없음,,2,110250,,,,trade
원주,합동청과,20260203,오이,오이(다다기),10.0kg 박스,일등,,10,45600,,,,trade
원주,합동청과,20260203,오이,오이(다다기),10.0kg 박스,일등,,6,44600,,,,trade
원주,합동청과,20260203,오이,오이(다다기),10.0kg 박스,일등,,6,44000,,,,trade
원주,합동청과,20260203,오이,오이(다다기),15.0kg 박스,일등,,11,92000,,,,trade
원주,합동청과,20260203,오이,오이(다다기),10.0kg 박스,없음,,21,37150,,,,trade
원주,합동청과,20260205,오이,오이(다다기),10.0kg 박스,일등,,7,46000,,,,trade
원주,합동청과,20260205,오이,오이(다다기),10.0kg 박스,일등,,7,46200,,,,trade
원주,합동청과,20260205,오이,오이(다다기),10.0kg 박스,일등,,9,46300,,,,trade
원주,합동청과,20260205,오이,오이(다다기),10.0kg 박스,일등,,1,46300,,,,trade
원주,합동청과,20260205,오이,오이(다다기),10.0kg 박스,없음,,5,36360,,,,trade
원주,합동청과,20260210,오이,오이(다다기),10.0kg 박스,일등,,7,44800,,,,trade
원주,합동청과,20260210,오이,오이(다다기),10.0kg 박스,일등,,7,45200,,,,trade
원주,합동청과,20260210,오이,오이(다다기),10.0kg 박스,일등,,6,45500,,,,trade
원주,합동청과,20260210,오이,오이(다다기),10.0kg 박스,없음,,15,59570,,,,trade
원주,합동청과,20260212,오이,오이(다다기),10.0kg 박스,일등,,7,44600,,,,trade
원주,합동청과,20260212,오이,오이(다다기),10.0kg 박스,일등,,8,45800,,,,trade
원주,합동청과,20260212,오이,오이(다다기),10.0kg 박스,일등,,15,46000,,,,trade
원주,합동청과,20260212,오이,오이(다다기),10.0kg 박스,없음,,4,39900,,,,trade
원주,합동청과,20260212,오이,오이(다다기),15.0kg 박스,없음,,21,76250,,,,trade
원주,합동청과,20260224,오이,오이(다다기),10.0kg 박스,일등,,9,25600,,,,trade
원주,합동청과,20260224,오이,오이(다다기),10.0kg 박스,일등,,8,25800,,,,trade
원주,합동청과,20260224,오이,오이(다다기),10.0kg 박스,일등,,8,25800,,,,trade
원주,합동청과,20260224,오이,오이(다다기),10.0kg 박스,없음,,7,21750,,,,trade
원주,합동청과,20260224,오이,오이(다다기),20.0kg 박스,없음,,13,66150,,,,trade
원주,합동청과,20260226,오이,오이(다다기),10.0kg 박스,일등,,10,28800,,,,trade
원주,합동청과,20260226,오이,오이(다다기),15.0kg 박스,일등,,7,59600,,,,trade
원주,합동청과,20260226,오이,오이(다다기),15.0kg 박스,없음,,7,64650,,,,trade
원주,합동청과,20260226,오이,오이(다다기),10.0kg 박스,없음,,2,30450,,,,trade
원주,합동청과,20260702,오이,오이(다다기),10.0kg 박스,일등,,4,11800,,,,trade
원주,합동청과,20260702,오이,오이(다다기),10.0kg 박스,특,,7,6100,,,,trade
원주,합동청과,20260702,오이,오이(다다기),10.0kg 박스,대,,2,5000,,,,trade
원주,합동청과,20260702,오이,오이(다다기),18.0kg 박스,특,,5,24000,,,,trade
원주,합동청과,20260702,오이,오이(다다기),18.0kg 박스,특,,1,18400,,,,trade
원주,합동청과,20260702,오이,오이(다다기),10.0kg 박스,특,,1,8800,,,,trade
원주,합동청과,20260702,오이,오이(다다기),10.0kg 비포,일등,,2,6000,,,,trade
원주,합동청과,20260702,오이,오이(다다기),10.0kg 비포,이등,,4,6000,,,,trade
원주,합동청과,20260702,오이,오이(다다기),10.0kg 비포,삼등,,7,3200,,,,trade
원주,합동청과,20260702,오이,오이(다다기),10.0kg 비포,사등,,3,1000,,,,trade
원주,합동청과,20260702,오이,오이(다다기),18.0kg 박스,특,,6,25500,,,,trade
원주,합동청과,20260702,오이,오이(다다기),10.0kg 박스,특,,1,9000,,,,trade
원주,합동청과,20260702,오이,오이(다다기),10.0kg 비포,일등,,2,9300,,,,trade
원주,합동청과,20260702,오이,오이(다다기),10.0kg 비포,이등,,2,7300,,,,trade
원주,합동청과,20260702,오이,오이(다다기),10.0kg 비포,삼등,,2,3000,,,,trade
원주,합동청과,20260702,오이,오이(다다기),18.0kg 박스,특,,13,27800,,,,trade
원주,합동청과,20260702,오이,오이(다다기),10.0kg 비포,일등,,1,8000,,,,trade
원주,합동청과,20260702,오이,오이(다다기),10.0kg 비포,이등,,8,8600,,,,trade
원주,합동청과,20260702,오이,오이(다다기),10.0kg 비포,삼등,,5,4800,,,,trade
원주,합동청과,20260702,오이,오이(다다기),10.0kg 비포,사등,,1,1600,,,,trade
원주,합동청과,20260702,오이,오이(다다기),10.0kg 비포,오등,,2,1200,,,,trade
원주,합동청과,20260702,오이,오이(다다기),10.0kg 비포,일등,,11,9100,,,,trade
원주,합동청과,20260702,오이,오이(다다기),10.0kg 비포,일등,,6,6300,,,,trade
원주,합동청과,20260702,오이,오이(다다기),10.0kg 비포,일등,,3,2500,,,,trade
원주,합동청과,20260702,오이,오이(다다기),10.0kg 박스,특상,,30,14400,,,,trade
원주,합동청과,20260702,오이,오이(다다기),10.0kg 박스,특,,1,10000,,,,trade
원주,합동청과,20260702,오이,오이(다다기),10.0kg 비포,일등,,13,11800,,,,trade
원주,합동청과,20260702,오이,오이(다다기),10.0kg 비포,이등,,7,5600,,,,trade
원주,합동청과,20260702,오이,오이(다다기),10.0kg 비포,삼등,,7,3000,,,,trade
원주,합동청과,20260702,오이,오이(다다기),10.0kg 박스,사등,,3,1200,,,,trade
원주,합동청과,20260702,오이,오이(다다기),18.0kg 박스,없음,,5,22150,,,,trade
원주,합동청과,20260702,오이,오이(다다기),18.0kg 박스,없음,,15,23100,,,,trade
원주,합동청과,20260707,오이,오이(다다기),10.0kg 비포,일등,,14,4000,,,,trade
원주,합동청과,20260707,오이,오이(다다기),10.0kg 비포,이등,,5,1800,,,,trade
원주,합동청과,20260707,오이,오이(다다기),10.0kg 비포,삼등,,8,1400,,,,trade
원주,합동청과,20260707,오이,오이(다다기),18.0kg 박스,특,,22,18300,,,,trade
원주,합동청과,20260707,오이,오이(다다기),10.0kg 비포,일등,,5,2800,,,,trade
원주,합동청과,20260707,오이,오이(다다기),18.0kg 박스,특,,5,24200,,,,trade
원주,합동청과,20260707,오이,오이(다다기),10.0kg 비포,일등,,3,5000,,,,trade
원주,합동청과,20260707,오이,오이(다다기),10.0kg 비포,이등,,2,3500,,,,trade
원주,합동청과,20260707,오이,오이(다다기),10.0kg 비포,삼등,,3,2000,,,,trade
원주,합동청과,20260707,오이,오이(다다기),10.0kg 박스,특상,,30,13800,,,,trade
원주,합동청과,20260707,오이,오이(다다기),10.0kg 박스,특,,1,8800,,,,trade
원주,합동청과,20260707,오이,오이(다다기),10.0kg 비포,일등,,16,8600,,,,trade
원주,합동청과,20260707,오이,오이(다다기),10.0kg 비포,이등,,9,6100,,,,trade
원주,합동청과,20260707,오이,오이(다다기),10.0kg 비포,삼등,,4,2000,,,,trade
원주,합동청과,20260707,오이,오이(다다기),10.0kg 비포,일등,,10,5600,,,,trade
원주,합동청과,20260707,오이,오이(다다기),10.0kg 비포,이등,,1,6000,,,,trade
원주,합동청과,20260707,오이,오이(다다기),10.0kg 비포,이등,,5,4000,,,,trade
원주,합동청과,20260707,오이,오이(다다기),10.0kg 비포,삼등,,2,2000,,,,trade
원주,합동청과,20260707,오이,오이(다다기),18.0kg 박스,특,,5,26000,,,,trade
원주,합동청과,20260707,오이,오이(다다기),10.0kg 비포,일등,,1,6000,,,,trade
원주,합동청과,20260707,오이,오이(다다기),10.0kg 비포,이등,,4,4000,,,,trade
원주,합동청과,20260707,오이,오이(다다기),10.0kg 비포,이등,,2,2000,,,,trade
원주,합동청과,20260707,오이,오이(다다기),10.0kg 비포,삼등,,2,1000,,,,trade
원주,합동청과,20260707,오이,오이(다다기),18.0kg 박스,없음,,43,20000,,,,trade
원주,합동청과,20260709,오이,오이(다다기),18.0kg 박스,특,,5,10200,,,,trade
원주,합동청과,20260709,오이,오이(다다기),10.0kg 비포,일등,,9,4300,,,,trade
원주,합동청과,20260709,오이,오이(다다기),10.0kg 비포,이등,,9,3200,,,,trade
원주,합동청과,20260709,오이,오이(다다기),10.0kg 비포,삼등,,21,1500,,,,trade
원주,합동청과,20260709,오이,오이(다다기),10.0kg 박스,특상,,22,8800,,,,trade
원주,합동청과,20260709,오이,오이(다다기),10.0kg 박스,특,,1,6800,,,,trade
원주,합동청과,20260709,오이,오이(다다기),10.0kg 비포,일등,,11,9600,,,,trade
원주,합동청과,20260709,오이,오이(다다기),10.0kg 비포,이등,,7,5600,,,,trade
원주,합동청과,20260709,오이,오이(다다기),10.0kg 비포,삼등,,4,1500,,,,trade
원주,합동청과,20260709,오이,오이(다다기),18.0kg 박스,특,,10,12000,,,,trade
원주,합동청과,20260709,오이,오이(다다기),18.0kg 박스,특,,10,10400,,,,trade
원주,합동청과,20260709,오이,오이(다다기),10.0kg 비포,일등,,2,2000,,,,trade
원주,합동청과,20260709,오이,오이(다다기),18.0kg 박스,특,,2,26000,,,,trade
원주,합동청과,20260709,오이,오이(다다기),10.0kg 박스,상,,1,6000,,,,trade
원주,합동청과,20260709,오이,오이(다다기),10.0kg 비포,일등,,2,3800,,,,trade
원주,합동청과,20260709,오이,오이(다다기),10.0kg 비포,이등,,2,3000,,,,trade
원주,합동청과,20260709,오이,오이(다다기),10.0kg 비포,삼등,,2,1600,,,,trade
원주,합동청과,20260709,오이,오이(다다기),10.0kg 비포,일등,,7,6300,,,,trade
원주,합동청과,20260709,오이,오이(다다기),10.0kg 비포,이등,,3,3600,,,,trade
원주,합동청과,20260709,오이,오이(다다기),10.0kg 비포,삼등,,3,2000,,,,trade
원주,합동청과,20260709,오이,오이(다다기),10.0kg 비포,사등,,1,1000,,,,trade
원주,합동청과,20260709,오이,오이(다다기),10.0kg 박스,없음,,5,15750,,,,trade
원주,합동청과,20260714,오이,오이(다다기),18.0kg 박스,특,,4,38000,,,,trade
원주,합동청과,20260714,오이,오이(다다기),10.0kg 비포,일등,,3,8800,,,,trade
원주,합동청과,20260714,오이,오이(다다기),10.0kg 비포,이등,,1,6300,,,,trade
원주,합동청과,20260714,오이,오이(다다기),10.0kg 비포,삼등,,2,3800,,,,trade
원주,합동청과,20260714,오이,오이(다다기),18.0kg 박스,특,,10,44600,,,,trade
원주,합동청과,20260714,오이,오이(다다기),10.0kg 비포,일등,,2,6000,,,,trade
원주,합동청과,20260714,오이,오이(다다기),10.0kg 박스,특,,4,18000,,,,trade
원주,합동청과,20260714,오이,오이(다다기),10.0kg 비포,일등,,2,7800,,,,trade
원주,합동청과,20260714,오이,오이(다다기),10.0kg 비포,이등,,3,3200,,,,trade
원주,합동청과,20260714,오이,오이(다다기),10.0kg 박스,특,,9,11000,,,,trade
원주,합동청과,20260714,오이,오이(다다기),10.0kg 박스,상,,2,4500,,,,trade
원주,합동청과,20260714,오이,오이(다다기),18.0kg 박스,특,,1,52000,,,,trade
원주,합동청과,20260714,오이,오이(다다기),18.0kg 박스,특상,,2,53500,,,,trade
원주,합동청과,20260714,오이,오이(다다기),10.0kg 박스,상,,1,22000,,,,trade
원주,합동청과,20260714,오이,오이(다다기),10.0kg 비포,일등,,2,16400,,,,trade
원주,합동청과,20260714,오이,오이(다다기),10.0kg 비포,이등,,3,11000,,,,trade
원주,합동청과,20260714,오이,오이(다다기),10.0kg 비포,삼등,,2,6000,,,,trade
원주,합동청과,20260716,오이,오이(다다기),18.0kg 박스,특,,6,72600,,,,trade
원주,합동청과,20260716,오이,오이(다다기),18.0kg 박스,특,,1,55000,,,,trade
원주,합동청과,20260716,오이,오이(다다기),10.0kg 비포,일등,,2,18000,,,,trade
원주,합동청과,20260716,오이,오이(다다기),10.0kg 비포,이등,,2,15000,,,,trade
원주,합동청과,20260716,오이,오이(다다기),10.0kg 비포,삼등,,9,4500,,,,trade
원주,합동청과,20260716,오이,오이(다다기),18.0kg 박스,특,,10,85600,,,,trade
원주,합동청과,20260716,오이,오이(다다기),10.0kg 박스,특,,5,25200,,,,trade
원주,합동청과,20260716,오이,오이(다다기),10.0kg 비포,일등,,3,15300,,,,trade
원주,합동청과,20260716,오이,오이(다다기),10.0kg 비포,이등,,1,9000,,,,trade
원주,합동청과,20260716,오이,오이(다다기),10.0kg 비포,삼등,,3,5200,,,,trade
원주,합동청과,20260716,오이,오이(다다기),18.0kg 박스,특,,2,96300,,,,trade
원주,합동청과,20260716,오이,오이(다다기),10.0kg 박스,상,,1,27500,,,,trade
원주,합동청과,20260716,오이,오이(다다기),10.0kg 비포,일등,,2,16300,,,,trade
원주,합동청과,20260716,오이,오이(다다기),10.0kg 비포,이등,,2,13000,,,,trade
원주,합동청과,20260716,오이,오이(다다기),10.0kg 비포,삼등,,3,5000,,,,trade
원주,합동청과,20260716,오이,오이(다다기),18.0kg 박스,특,,2,49000,,,,trade
원주,합동청과,20260716,오이,오이(다다기),10.0kg 비포,일등,,6,13900,,,,trade
원주,합동청과,20260716,오이,오이(다다기),10.0kg 비포,이등,,4,3200,,,,trade
원주,합동청과,20260716,오이,오이(다다기),10.0kg 비포,삼등,,2,2000,,,,trade
원주,합동청과,20260716,오이,오이(다다기),10.0kg 박스,없음,,19,32300,,,,trade
원주,합동청과,20260716,오이,오이(다다기),10.0kg 박스,없음,,3,42000,,,,trade
원주,합동청과,20260721,오이,오이(다다기),18.0kg 박스,특,,8,44700,,,,trade
원주,합동청과,20260721,오이,오이(다다기),18.0kg 박스,특,,1,19000,,,,trade
원주,합동청과,20260721,오이,오이(다다기),10.0kg 비포,일등,,2,8500,,,,trade
원주,합동청과,20260721,오이,오이(다다기),10.0kg 비포,이등,,4,6200,,,,trade
원주,합동청과,20260721,오이,오이(다다기),10.0kg 비포,삼등,,12,1400,,,,trade
원주,합동청과,20260721,오이,오이(다다기),18.0kg 박스,특,,2,58000,,,,trade
원주,합동청과,20260721,오이,오이(다다기),18.0kg 박스,상,,1,22000,,,,trade
원주,합동청과,20260721,오이,오이(다다기),18.0kg 박스,특,,7,45800,,,,trade
원주,합동청과,20260721,오이,오이(다다기),18.0kg 박스,특,,3,56000,,,,trade
원주,합동청과,20260721,오이,오이(다다기),10.0kg 비포,일등,,1,14500,,,,trade
원주,합동청과,20260721,오이,오이(다다기),10.0kg 비포,이등,,1,11000,,,,trade
원주,합동청과,20260721,오이,오이(다다기),10.0kg 박스,특,,7,13800,,,,trade
원주,합동청과,20260721,오이,오이(다다기),10.0kg 비포,일등,,4,10200,,,,trade
원주,합동청과,20260721,오이,오이(다다기),10.0kg 비포,이등,,3,2300,,,,trade
원주,합동청과,20260721,오이,오이(다다기),10.0kg 박스,없음,,2,24150,,,,trade
원주,합동청과,20260723,오이,오이(다다기),18.0kg 박스,특,,10,32500,,,,trade
원주,합동청과,20260723,오이,오이(다다기),10.0kg 비포,일등,,2,9300,,,,trade
원주,합동청과,20260723,오이,오이(다다기),18.0kg 박스,특,,13,38600,,,,trade
원주,합동청과,20260723,오이,오이(다다기),18.0kg 박스,특,,3,21500,,,,trade
원주,합동청과,20260723,오이,오이(다다기),10.0kg 박스,특,,1,9000,,,,trade
원주,합동청과,20260723,오이,오이(다다기),10.0kg 비포,일등,,5,7200,,,,trade
원주,합동청과,20260723,오이,오이(다다기),10.0kg 비포,이등,,8,6600,,,,trade
원주,합동청과,20260723,오이,오이(다다기),10.0kg 비포,삼등,,15,3200,,,,trade
원주,합동청과,20260723,오이,오이(다다기),10.0kg 박스,특,,4,13500,,,,trade
원주,합동청과,20260723,오이,오이(다다기),10.0kg 비포,일등,,5,7200,,,,trade
원주,합동청과,20260723,오이,오이(다다기),10.0kg 비포,이등,,4,2600,,,,trade
원주,합동청과,20260723,오이,오이(다다기),18.0kg 박스,특,,4,46000,,,,trade
원주,합동청과,20260723,오이,오이(다다기),18.0kg 박스,상,,2,13000,,,,trade
원주,합동청과,20260723,오이,오이(다다기),18.0kg 박스,중,,1,5000,,,,trade
원주,합동청과,20260723,오이,오이(다다기),18.0kg 박스,특,,3,49600,,,,trade
원주,합동청과,20260723,오이,오이(다다기),10.0kg 비포,일등,,1,13300,,,,trade
원주,합동청과,20260723,오이,오이(다다기),10.0kg 비포,이등,,2,11200,,,,trade
원주,합동청과,20260723,오이,오이(다다기),10.0kg 비포,삼등,,1,5800,,,,trade
원주,합동청과,20260723,오이,오이(다다기),10.0kg 박스,없음,,7,13650,,,,trade
원주,합동청과,20260728,오이,오이(다다기),18.0kg 박스,특,,8,46200,,,,trade
원주,합동청과,20260728,오이,오이(다다기),18.0kg 박스,특,,2,31500,,,,trade
원주,합동청과,20260728,오이,오이(다다기),10.0kg 박스,특,,1,13000,,,,trade
원주,합동청과,20260728,오이,오이(다다기),10.0kg 비포,일등,,2,7800,,,,trade
원주,합동청과,20260728,오이,오이(다다기),10.0kg 비포,이등,,5,7800,,,,trade
원주,합동청과,20260728,오이,오이(다다기),10.0kg 비포,삼등,,8,4400,,,,trade
원주,합동청과,20260728,오이,오이(다다기),18.0kg 박스,특,,13,55600,,,,trade
원주,합동청과,20260728,오이,오이(다다기),10.0kg 비포,일등,,1,12000,,,,trade
원주,합동청과,20260728,오이,오이(다다기),5.0kg 박스,특,,2,3600,,,,trade
원주,합동청과,20260728,오이,오이(다다기),18.0kg 박스,특,,11,25200,,,,trade
원주,합동청과,20260728,오이,오이(다다기),10.0kg 비포,일등,,5,11000,,,,trade
원주,합동청과,20260728,오이,오이(다다기),10.0kg 비포,이등,,5,5500,,,,trade
원주,합동청과,20260728,오이,오이(다다기),10.0kg 비포,삼등,,2,1600,,,,trade
원주,합동청과,20260728,오이,오이(다다기),18.0kg 박스,특,,2,42000,,,,trade
원주,합동청과,20260728,오이,오이(다다기),10.0kg 비포,일등,,1,13000,,,,trade
원주,합동청과,20260728,오이,오이(다다기),10.0kg 비포,이등,,2,10000,,,,trade
원주,합동청과,20260728,오이,오이(다다기),10.0kg 비포,삼등,,2,6700,,,,trade
원주,합동청과,20260728,오이,오이(다다기),18.0kg 박스,특,,3,66000,,,,trade
원주,합동청과,20260728,오이,오이(다다기),18.0kg 박스,상,,2,26500,,,,trade
원주,합동청과,20260728,오이,오이(다다기),10.0kg 박스,특,,14,17300,,,,trade
원주,합동청과,20260728,오이,오이(다다기),10.0kg 박스,상,,4,5800,,,,trade
원주,합동청과,20260728,오이,오이(다다기),18.0kg 박스,없음,,7,54900,,,,trade
원주,합동청과,20260728,오이,오이(다다기),18.0kg 박스,없음,,19,20000,,,,trade
원주,합동청과,20260728,오이,오이(다다기),18.0kg 박스,없음,,1,13200,,,,trade
원주,합동청과,20260728,오이,오이(다다기),18.0kg 박스,없음,,15,25830,,,,trade
원주,합동청과,20260728,오이,오이(다다기),18.0kg 박스,없음,,1,73500,,,,trade
원주,합동청과,20260730,오이,오이(다다기),18.0kg 박스,일등,,11,52600,,,,trade
원주,합동청과,20260730,오이,오이(다다기),10.0kg 비포,일등,,1,8500,,,,trade
원주,합동청과,20260730,오이,오이(다다기),10.0kg 비포,이등,,1,6500,,,,trade
원주,합동청과,20260730,오이,오이(다다기),18.0kg 박스,일등,,13,55600,,,,trade
원주,합동청과,20260730,오이,오이(다다기),18.0kg 박스,일등,,5,38500,,,,trade
원주,합동청과,20260730,오이,오이(다다기),10.0kg 박스,일등,,1,14500,,,,trade
원주,합동청과,20260730,오이,오이(다다기),10.0kg 비포,상,,7,15000,,,,trade
원주,합동청과,20260730,오이,오이(다다기),10.0kg 비포,중,,10,12600,,,,trade
원주,합동청과,20260730,오이,오이(다다기),10.0kg 비포,하,,14,5400,,,,trade
원주,합동청과,20260730,오이,오이(다다기),18.0kg 박스,일등,,8,41200,,,,trade
원주,합동청과,20260730,오이,오이(다다기),18.0kg 박스,이등,,2,17000,,,,trade
원주,합동청과,20260730,오이,오이(다다기),10.0kg 비포,일등,,1,2800,,,,trade
원주,합동청과,20260730,오이,오이(다다기),18.0kg 박스,일등,,1,58000,,,,trade
원주,합동청과,20260730,오이,오이(다다기),18.0kg 박스,이등,,1,11000,,,,trade
원주,합동청과,20260730,오이,오이(다다기),10.0kg 박스,삼등,,1,3000,,,,trade
원주,합동청과,20260730,오이,오이(다다기),18.0kg 박스,일등,,1,26000,,,,trade
원주,합동청과,20260730,오이,오이(다다기),10.0kg 비포,일등,,3,5800,,,,trade
원주,합동청과,20260730,오이,오이(다다기),18.0kg 박스,일등,,13,61600,,,,trade
원주,합동청과,20260730,오이,오이(다다기),10.0kg 비포,일등,,2,12500,,,,trade
원주,합동청과,20260730,오이,오이(다다기),10.0kg 비포,이등,,3,11200,,,,trade
원주,합동청과,20260730,오이,오이(다다기),18.0kg 박스,일등,,2,67500,,,,trade
원주,합동청과,20260730,오이,오이(다다기),10.0kg 비포,일등,,2,15500,,,,trade
원주,합동청과,20260730,오이,오이(다다기),10.0kg 비포,이등,,1,12500,,,,trade
원주,합동청과,20260730,오이,오이(다다기),10.0kg 비포,삼등,,1,4500,,,,trade
원주,합동청과,20260730,오이,오이(다다기),10.0kg 박스,일등,,4,19600,,,,trade
원주,합동청과,20260730,오이,오이(다다기),10.0kg 비포,일등,,6,12000,,,,trade
원주,합동청과,20260730,오이,오이(다다기),10.0kg 비포,일등,,2,4500,,,,trade
원주,합동청과,20260804,오이,오이(다다기),18.0kg 박스,특,,16,25600,,,,trade
원주,합동청과,20260804,오이,오이(다다기),10.0kg 비포,일등,,3,9800,,,,trade
원주,합동청과,20260804,오이,오이(다다기),10.0kg 비포,파치,,1,800,,,,trade
원주,합동청과,20260804,오이,오이(다다기),18.0kg 박스,특,,15,36700,,,,trade
원주,합동청과,20260804,오이,오이(다다기),18.0kg 박스,특,,4,24600,,,,trade
원주,합동청과,20260804,오이,오이(다다기),10.0kg 박스,특,,1,10500,,,,trade
원주,합동청과,20260804,오이,오이(다다기),10.0kg 비포,일등,,9,8800,,,,trade
원주,합동청과,20260804,오이,오이(다다기),10.0kg 비포,이등,,10,8300,,,,trade
원주,합동청과,20260804,오이,오이(다다기),10.0kg 비포,삼등,,20,3700,,,,trade
원주,합동청과,20260804,오이,오이(다다기),18.0kg 박스,특,,18,29600,,,,trade
원주,합동청과,20260804,오이,오이(다다기),10.0kg 비포,일등,,5,10000,,,,trade
원주,합동청과,20260804,오이,오이(다다기),10.0kg 비포,이등,,2,4200,,,,trade
원주,합동청과,20260804,오이,오이(다다기),18.0kg 박스,특,,3,43500,,,,trade
원주,합동청과,20260804,오이,오이(다다기),10.0kg 비포,일등,,2,15500,,,,trade
원주,합동청과,20260804,오이,오이(다다기),10.0kg 비포,이등,,2,12000,,,,trade
원주,합동청과,20260804,오이,오이(다다기),10.0kg 비포,삼등,,2,6500,,,,trade
원주,합동청과,20260804,오이,오이(다다기),10.0kg 박스,특,,11,15800,,,,trade
원주,합동청과,20260804,오이,오이(다다기),10.0kg 박스,상,,6,6700,,,,trade
원주,합동청과,20260804,오이,오이(다다기),18.0kg 박스,특,,3,44000,,,,trade
원주,합동청과,20260804,오이,오이(다다기),18.0kg 박스,상,,1,9800,,,,trade
원주,합동청과,20260804,오이,오이(다다기),18.0kg 박스,특,,12,21200,,,,trade
원주,합동청과,20260804,오이,오이(다다기),18.0kg 박스,상,,2,16000,,,,trade
원주,합동청과,20260804,오이,오이(다다기),18.0kg 박스,특,,6,18000,,,,trade
원주,합동청과,20260804,오이,오이(다다기),10.0kg 비포,일등,,6,4000,,,,trade
원주,합동청과,20260804,오이,오이(다다기),18.0kg 박스,특,,20,16100,,,,trade
원주,합동청과,20260804,오이,오이(다다기),10.0kg 박스,특,,12,13800,,,,trade
원주,합동청과,20260804,오이,오이(다다기),10.0kg 비포,일등,,16,6300,,,,trade
원주,합동청과,20260804,오이,오이(다다기),10.0kg 비포,이등,,7,1200,,,,trade
원주,합동청과,20260804,오이,오이(다다기),18.0kg 박스,특,,9,12500,,,,trade
원주,합동청과,20260804,오이,오이(다다기),18.0kg 박스,상,,2,8800,,,,trade
원주,합동청과,20260804,오이,오이(다다기),18.0kg 박스,없음,,5,30130,,,,trade
원주,합동청과,20260806,오이,오이(다다기),18.0kg 박스,특,,6,34300,,,,trade
원주,합동청과,20260806,오이,오이(다다기),18.0kg 박스,특,,2,23300,,,,trade
원주,합동청과,20260806,오이,오이(다다기),10.0kg 박스,특,,1,11600,,,,trade
원주,합동청과,20260806,오이,오이(다다기),10.0kg 비포,일등,,7,6800,,,,trade
원주,합동청과,20260806,오이,오이(다다기),10.0kg 비포,이등,,9,7800,,,,trade
원주,합동청과,20260806,오이,오이(다다기),10.0kg 비포,삼등,,12,3400,,,,trade
원주,합동청과,20260806,오이,오이(다다기),18.0kg 박스,특,,15,21200,,,,trade
원주,합동청과,20260806,오이,오이(다다기),18.0kg 박스,상,,5,9300,,,,trade
원주,합동청과,20260806,오이,오이(다다기),10.0kg 박스,특,,13,9400,,,,trade
원주,합동청과,20260806,오이,오이(다다기),18.0kg 박스,특,,2,43000,,,,trade
원주,합동청과,20260806,오이,오이(다다기),10.0kg 비포,일등,,2,14500,,,,trade
원주,합동청과,20260806,오이,오이(다다기),10.0kg 비포,이등,,2,9800,,,,trade
원주,합동청과,20260806,오이,오이(다다기),10.0kg 비포,삼등,,1,4800,,,,trade
원주,합동청과,20260806,오이,오이(다다기),18.0kg 박스,특,,9,15600,,,,trade
원주,합동청과,20260806,오이,오이(다다기),10.0kg 비포,일등,,5,2000,,,,trade
원주,합동청과,20260806,오이,오이(다다기),18.0kg 박스,특,,18,31800,,,,trade
원주,합동청과,20260806,오이,오이(다다기),10.0kg 비포,일등,,3,10000,,,,trade
원주,합동청과,20260806,오이,오이(다다기),10.0kg 비포,이등,,5,8800,,,,trade
원주,합동청과,20260806,오이,오이(다다기),10.0kg 비포,삼등,,4,3600,,,,trade
원주,합동청과,20260806,오이,오이(다다기),10.0kg 박스,특,,5,8800,,,,trade
원주,합동청과,20260806,오이,오이(다다기),10.0kg 비포,일등,,8,2200,,,,trade
원주,합동청과,20260806,오이,오이(다다기),10.0kg 비포,이등,,4,800,,,,trade
원주,합동청과,20260806,오이,오이(다다기),18.0kg 박스,특,,15,34510,,,,trade
원주,합동청과,20260806,오이,오이(다다기),10.0kg 박스,없음,,4,23100,,,,trade
원주,합동청과,20260811,오이,오이(다다기),10.0kg 박스,특,,25,26700,,,,trade
원주,합동청과,20260811,오이,오이(다다기),10.0kg 비포,일등,,2,8800,,,,trade
원주,합동청과,20260811,오이,오이(다다기),10.0kg 비포,이등,,1,4500,,,,trade
원주,합동청과,20260811,오이,오이(다다기),18.0kg 박스,특,,9,26800,,,,trade
원주,합동청과,20260811,오이,오이(다다기),18.0kg 박스,상,,2,4000,,,,trade
원주,합동청과,20260811,오이,오이(다다기),18.0kg 박스,특,,13,31200,,,,trade
원주,합동청과,20260811,오이,오이(다다기),10.0kg 비포,일등,,3,11200,,,,trade
원주,합동청과,20260811,오이,오이(다다기),10.0kg 비포,이등,,3,6000,,,,trade
원주,합동청과,20260811,오이,오이(다다기),10.0kg 박스,특,,3,2000,,,,trade
원주,합동청과,20260811,오이,오이(다다기),18.0kg 박스,특대,,3,55700,,,,trade
원주,합동청과,20260811,오이,오이(다다기),18.0kg 박스,특,,1,23600,,,,trade
원주,합동청과,20260811,오이,오이(다다기),10.0kg 비포,일등,,5,15200,,,,trade
원주,합동청과,20260811,오이,오이(다다기),10.0kg 비포,이등,,1,7000,,,,trade
원주,합동청과,20260811,오이,오이(다다기),18.0kg 박스,특,,9,16200,,,,trade
원주,합동청과,20260813,오이,오이(다다기),18.0kg 박스,일등,,15,27800,,,,trade
원주,합동청과,20260813,오이,오이(다다기),18.0kg 박스,이등,,4,9600,,,,trade
원주,합동청과,20260813,오이,오이(다다기),10.0kg 박스,일등,,21,22000,,,,trade
원주,합동청과,20260813,오이,오이(다다기),10.0kg 비포,일등,,3,9200,,,,trade
원주,합동청과,20260813,오이,오이(다다기),10.0kg 비포,이등,,1,7000,,,,trade
원주,합동청과,20260813,오이,오이(다다기),18.0kg 박스,특대,,5,64500,,,,trade
원주,합동청과,20260813,오이,오이(다다기),18.0kg 박스,특,,1,32000,,,,trade
원주,합동청과,20260813,오이,오이(다다기),10.0kg 비포,특대,,4,12000,,,,trade
원주,합동청과,20260813,오이,오이(다다기),10.0kg 비포,특,,1,7000,,,,trade
원주,합동청과,20260813,오이,오이(다다기),10.0kg 비포,상,,1,4200,,,,trade
원주,합동청과,20260813,오이,오이(다다기),18.0kg 박스,일등,,11,46000,,,,trade
원주,합동청과,20260813,오이,오이(다다기),10.0kg 비포,일등,,1,9500,,,,trade
원주,합동청과,20260813,오이,오이(다다기),10.0kg 비포,이등,,2,6200,,,,trade
원주,합동청과,20260813,오이,오이(다다기),18.0kg 박스,일등,,8,28900,,,,trade
원주,합동청과,20260813,오이,오이(다다기),18.0kg 박스,일등,,1,28800,,,,trade
원주,합동청과,20260813,오이,오이(다다기),10.0kg 비포,일등,,5,12600,,,,trade
원주,합동청과,20260813,오이,오이(다다기),10.0kg 비포,이등,,3,8800,,,,trade
원주,합동청과,20260813,오이,오이(다다기),10.0kg 비포,삼등,,1,5600,,,,trade
원주,합동청과,20260813,오이,오이(다다기),10.0kg 비포,사등,,1,1800,,,,trade
원주,합동청과,20260818,오이,오이(다다기),10.0kg 박스,특,,22,19600,,,,trade
원주,합동청과,20260818,오이,오이(다다기),10.0kg 비포,일등,,2,6700,,,,trade
원주,합동청과,20260818,오이,오이(다다기),10.0kg 비포,이등,,1,4300,,,,trade
원주,합동청과,20260818,오이,오이(다다기),18.0kg 박스,특,,3,38000,,,,trade
원주,합동청과,20260818,오이,오이(다다기),18.0kg 박스,특,,7,28800,,,,trade
원주,합동청과,20260818,오이,오이(다다기),10.0kg 비포,일등,,4,9200,,,,trade
원주,합동청과,20260818,오이,오이(다다기),10.0kg 비포,이등,,3,6500,,,,trade
원주,합동청과,20260818,오이,오이(다다기),18.0kg 박스,특대,,12,59000,,,,trade
원주,합동청과,20260818,오이,오이(다다기),18.0kg 박스,특,,4,28800,,,,trade
원주,합동청과,20260818,오이,오이(다다기),10.0kg 비포,일등,,10,14200,,,,trade
원주,합동청과,20260818,오이,오이(다다기),10.0kg 비포,이등,,1,5000,,,,trade
원주,합동청과,20260818,오이,오이(다다기),10.0kg 비포,삼등,,1,4000,,,,trade
원주,합동청과,20260818,오이,오이(다다기),10.0kg 박스,특,,14,16600,,,,trade
원주,합동청과,20260818,오이,오이(다다기),10.0kg 박스,특,,3,13000,,,,trade
원주,합동청과,20260818,오이,오이(다다기),10.0kg 비포,일등,,10,5800,,,,trade
원주,합동청과,20260818,오이,오이(다다기),10.0kg 비포,이등,,1,3000,,,,trade
원주,합동청과,20260818,오이,오이(다다기),10.0kg 비포,삼등,,3,3000,,,,trade
원주,합동청과,20260818,오이,오이(다다기),18.0kg 박스,특,,7,17200,,,,trade
원주,합동청과,20260818,오이,오이(다다기),10.0kg 비포,일등,,3,4000,,,,trade
원주,합동청과,20260818,오이,오이(다다기),10.0kg 박스,없음,,20,20000,,,,trade
원주,합동청과,20260820,오이,오이(다다기),10.0kg 박스,특,,16,12800,,,,trade
원주,합동청과,20260820,오이,오이(다다기),10.0kg 박스,상,,3,4200,,,,trade
원주,합동청과,20260820,오이,오이(다다기),18.0kg 박스,특,,7,13600,,,,trade
원주,합동청과,20260820,오이,오이(다다기),18.0kg 박스,상,,1,7000,,,,trade
원주,합동청과,20260820,오이,오이(다다기),18.0kg 박스,일등,,3,28500,,,,trade
원주,합동청과,20260820,오이,오이(다다기),18.0kg 박스,일등,,6,19000,,,,trade
원주,합동청과,20260820,오이,오이(다다기),10.0kg 비포,일등,,2,8000,,,,trade
원주,합동청과,20260820,오이,오이(다다기),10.0kg 비포,이등,,2,5500,,,,trade
원주,합동청과,20260820,오이,오이(다다기),18.0kg 박스,특대,,23,34700,,,,trade
원주,합동청과,20260820,오이,오이(다다기),18.0kg 박스,특,,6,29000,,,,trade
원주,합동청과,20260820,오이,오이(다다기),10.0kg 비포,일등,,15,7800,,,,trade
원주,합동청과,20260820,오이,오이(다다기),10.0kg 비포,이등,,2,7500,,,,trade
원주,합동청과,20260820,오이,오이(다다기),10.0kg 비포,삼등,,1,3000,,,,trade
원주,합동청과,20260820,오이,오이(다다기),18.0kg 박스,특,,9,17300,,,,trade
원주,합동청과,20260820,오이,오이(다다기),18.0kg 박스,특,,1,9800,,,,trade
원주,합동청과,20260820,오이,오이(다다기),10.0kg 비포,일등,,9,5300,,,,trade
원주,합동청과,20260820,오이,오이(다다기),10.0kg 비포,이등,,4,3400,,,,trade
원주,합동청과,20260820,오이,오이(다다기),10.0kg 비포,삼등,,1,1000,,,,trade
원주,합동청과,20260820,오이,오이(다다기),18.0kg 박스,특,,7,16200,,,,trade
원주,합동청과,20260820,오이,오이(다다기),10.0kg 박스,특,,5,8800,,,,trade
원주,합동청과,20260820,오이,오이(다다기),10.0kg 비포,일등,,11,4600,,,,trade
원주,합동청과,20260820,오이,오이(다다기),10.0kg 비포,이등,,3,3000,,,,trade
원주,합동청과,20260820,오이,오이(다다기),10.0kg 비포,삼등,,4,2300,,,,trade
원주,합동청과,20260820,오이,오이(다다기),18.0kg 박스,없음,,1,29000,,,,trade
원주,합동청과,20260825,오이,오이(다다기),10.0kg 박스,특,,15,15000,,,,trade
원주,합동청과,20260825,오이,오이(다다기),10.0kg 박스,상,,4,2000,,,,trade
원주,합동청과,20260825,오이,오이(다다기),18.0kg 박스,특,,3,37000,,,,trade
원주,합동청과,20260825,오이,오이(다다기),10.0kg 비포,일등,,18,7300,,,,trade
원주,합동청과,20260825,오이,오이(다다기),10.0kg 비포,이등,,3,5800,,,,trade
원주,합동청과,20260825,오이,오이(다다기),10.0kg 비포,삼등,,1,1500,,,,trade
원주,합동청과,20260825,오이,오이(다다기),18.0kg 박스,특,,10,22600,,,,trade
원주,합동청과,20260825,오이,오이(다다기),10.0kg 비포,일등,,5,7800,,,,trade
원주,합동청과,20260825,오이,오이(다다기),10.0kg 비포,이등,,2,3900,,,,trade
원주,합동청과,20260825,오이,오이(다다기),10.0kg 비포,삼등,,1,1000,,,,trade
원주,합동청과,20260825,오이,오이(다다기),18.0kg 박스,특,,4,24600,,,,trade
원주,합동청과,20260825,오이,오이(다다기),18.0kg 박스,특,,6,17300,,,,trade
원주,합동청과,20260825,오이,오이(다다기),10.0kg 비포,일등,,3,7200,,,,trade
원주,합동청과,20260825,오이,오이(다다기),10.0kg 비포,이등,,1,3200,,,,trade
원주,합동청과,20260825,오이,오이(다다기),18.0kg 박스,없음,,5,26560,,,,trade
원주,합동청과,20260825,오이,오이(다다기),18.0kg 박스,없음,,2,105000,,,,trade
원주,합동청과,20260827,오이,오이(다다기),18.0kg 박스,특,,3,29200,,,,trade
원주,합동청과,20260827,오이,오이(다다기),18.0kg 박스,특,,5,32300,,,,trade
원주,합동청과,20260827,오이,오이(다다기),10.0kg 비포,일등,,3,9000,,,,trade
원주,합동청과,20260827,오이,오이(다다기),10.0kg 비포,이등,,1,5000,,,,trade
원주,합동청과,20260827,오이,오이(다다기),18.0kg 박스,특대,,10,73800,,,,trade
원주,합동청과,20260827,오이,오이(다다기),18.0kg 박스,특,,2,33000,,,,trade
원주,합동청과,20260827,오이,오이(다다기),10.0kg 비포,일등,,19,8300,,,,trade
원주,합동청과,20260827,오이,오이(다다기),10.0kg 비포,이등,,1,4000,,,,trade
원주,합동청과,20260827,오이,오이(다다기),10.0kg 박스,일등,,13,16500,,,,trade
원주,합동청과,20260827,오이,오이(다다기),10.0kg 박스,이등,,3,5500,,,,trade
원주,합동청과,20260827,오이,오이(다다기),18.0kg 박스,특,,11,38800,,,,trade
원주,합동청과,20260827,오이,오이(다다기),18.0kg 박스,특,,4,30000,,,,trade
원주,합동청과,20260827,오이,오이(다다기),18.0kg 박스,특상,,1,19000,,,,trade
원주,합동청과,20260827,오이,오이(다다기),10.0kg 비포,일등,,10,9300,,,,trade
원주,합동청과,20260827,오이,오이(다다기),10.0kg 비포,이등,,2,5800,,,,trade
원주,합동청과,20260827,오이,오이(다다기),10.0kg 비포,삼등,,1,3600,,,,trade
원주,합동청과,20260827,오이,오이(다다기),18.0kg 박스,없음,,5,29610,,,,trade
