산지,거래건수,총수량,단순평균,가중평균,중앙값,최고가,최저가
강원 양구군,9,164,16222,17226,15000,22500,13500
충남 천안시,60,1878,16300,16870,16500,22500,10000
경기 연천군,5,86,13600,15645,14500,19000,4500
충남 부여군,1,18,15500,15500,15500,15500,15500
경기 이천시,1,60,15000,15000,15000,15000,15000
강원 홍천군,3,45,14500,14767,15000,15500,13000
강원 화천군,7,154,13571,14282,13500,20000,6500
강원 춘천시,40,442,13238,14029,13000,25000,6000
경기 포천시,1,13,12500,12500,12500,12500,12500
강원 철원군,1,6,11500,11500,11500,11500,11500
경남 진주시,1,19,9000,9000,9000,9000,9000
전체,129,2885,14911,16118,14500,25000,4500
