지역,품목,품종,규격,등급,과수크기,수량,경락가
경기 안성시,오이,백다다기,10kg Box,특,50,17,34500
경기 안성시,오이,백다다기,10kg Box,특,,4,27500
경기 안성시,오이,백다다기,10kg Box,상,,5,23500
경기 안성시,오이,백다다기,10kg Box,특,50,15,29500
경기 안성시,오이,백다다기,10kg Box,특,,20,39000
경기 안성시,오이,백다다기,10kg Box,특,,14,33500
경기 안성시,오이,백다다기,10kg Box,특,,14,29500
경기 안성시,오이,백다다기,10kg Box,특,,22,27500
경기 안성시,오이,백다다기,10kg Box,특,1,8,22500
경기 안성시,오이,백다다기,10kg Box,특,1,2,23500
경기 안성시,오이,백다다기,10kg Box,상,,1,14500
경기 안성시,오이,백다다기,10kg Box,상,,1,24500
경기 안성시,오이,백다다기,10kg Box,상,,2,14500
경기 안성시,오이,백다다기,10kg Box,특,50,6,28500
경기 안성시,오이,백다다기,10kg Box,상,,4,21500
경남 진주시,오이,백다다기,10kg Box,특,50/적상,55,53000
경남 진주시,오이,백다다기,10kg Box,특,적상,50,53500
경남 진주시,오이,백다다기,10kg Box,특,상,31,42500
경남 진주시,오이,백다다기,10kg Box,특,청,7,35500
경남 진주시,오이,백다다기,10kg Box,특,가로적상,1,32500
경남 진주시,오이,백다다기,10kg Box,중,,2,28500
경북 상주시,오이,백다다기,18kg Box,특,100/적상,45,74000
경북 상주시,오이,백다다기,18kg Box,특,적상,3,68000
경북 상주시,오이,백다다기,18kg Box,특,상,3,78000
경북 상주시,오이,백다다기,18kg Box,특,청상,14,70000
경북 상주시,오이,백다다기,18kg Box,특,상,9,68000
경북 상주시,오이,백다다기,18kg Box,특,상,3,63000
경북 상주시,오이,백다다기,18kg Box,특,상,6,67000
경북 상주시,오이,백다다기,18kg Box,특,청상,3,70000
경북 상주시,오이,백다다기,18kg Box,특,상,4,73000
경북 상주시,오이,백다다기,18kg Box,특,상,2,37000
경북 상주시,오이,백다다기,18kg Box,특,적상,1,83000
경북 상주시,오이,백다다기,18kg Box,특,청상,2,66000
경북 상주시,오이,백다다기,18kg Box,특,상,6,67000
경북 상주시,오이,백다다기,18kg Box,특,상,4,65000
경북 상주시,오이,백다다기,18kg Box,특,상,5,57000
경북 상주시,오이,백다다기,18kg Box,특,상,2,59000
경북 상주시,오이,백다다기,18kg Box,특,상,2,45000
경북 상주시,오이,백다다기,18kg Box,특,상,3,68000
경북 상주시,오이,백다다기,18kg Box,특,상,5,65000
경북 상주시,오이,백다다기,18kg Box,특,청상,2,68000
경북 상주시,오이,백다다기,18kg Box,특,상,7,65000
경북 상주시,오이,백다다기,18kg Box,특,상,6,77000
경북 상주시,오이,백다다기,18kg Box,특,상,34,73000
경북 상주시,오이,백다다기,18kg Box,특,상,5,68000
경북 상주시,오이,백다다기,18kg Box,특,상,10,68000
경북 상주시,오이,백다다기,18kg Box,특,상,14,72000
경북 상주시,오이,백다다기,18kg Box,특,청상,5,75000
경북 상주시,오이,백다다기,18kg Box,특,상,4,68000
경북 상주시,오이,백다다기,18kg Box,특,상,11,68000
경북 상주시,오이,백다다기,18kg Box,특,,11,50000
경북 상주시,오이,백다다기,18kg Box,특,청,7,55000
경북 상주시,오이,백다다기,18kg Box,특,상,18,59000
경북 상주시,오이,백다다기,18kg Box,특,,2,47000
경북 상주시,오이,백다다기,18kg Box,특,,3,52000
경북 상주시,오이,백다다기,18kg Box,특,,3,46000
경북 상주시,오이,백다다기,18kg Box,특,,2,55000
경북 상주시,오이,백다다기,18kg Box,특,,13,47000
경북 상주시,오이,백다다기,18kg Box,특,,9,50000
경북 상주시,오이,백다다기,18kg Box,특,청,6,52000
경북 상주시,오이,백다다기,18kg Box,특,,15,48000
경북 상주시,오이,백다다기,18kg Box,특,,3,41000
경북 상주시,오이,백다다기,18kg Box,특,,4,50000
경북 상주시,오이,백다다기,18kg Box,특,,1,48000
경북 상주시,오이,백다다기,18kg Box,특,,4,53000
경북 상주시,오이,백다다기,18kg Box,특,,25,48000
경북 상주시,오이,백다다기,18kg Box,특,,7,68000
경북 상주시,오이,백다다기,18kg Box,특,,5,49000
경북 상주시,오이,백다다기,18kg Box,특,,3,47000
경북 상주시,오이,백다다기,18kg Box,특,,5,54000
경북 상주시,오이,백다다기,18kg Box,특,,10,46000
경북 상주시,오이,백다다기,18kg Box,특,,10,26000
경북 상주시,오이,백다다기,18kg Box,특,,4,45000
경북 상주시,오이,백다다기,18kg Box,특,,2,40000
경북 상주시,오이,백다다기,18kg Box,특,,1,43000
경북 상주시,오이,백다다기,18kg Box,상,,13,20000
경북 상주시,오이,백다다기,18kg Box,상,,7,39000
경북 상주시,오이,백다다기,18kg Box,상,,1,39000
경북 상주시,오이,백다다기,18kg Box,상,,1,39000
경북 상주시,오이,백다다기,18kg Box,상,,2,41000
경북 상주시,오이,백다다기,18kg Box,상,,1,43000
경북 상주시,오이,백다다기,18kg Box,상,,4,42000
경북 상주시,오이,백다다기,18kg Box,상,,4,43000
경북 상주시,오이,백다다기,18kg Box,상,,8,59000
경북 상주시,오이,백다다기,18kg Box,상,,6,39000
경북 상주시,오이,백다다기,18kg Box,상,,1,45000
경북 상주시,오이,백다다기,18kg Box,상,,3,39000
경북 상주시,오이,백다다기,18kg Box,상,,1,43000
경북 상주시,오이,백다다기,18kg Box,상,,1,39000
경북 상주시,오이,백다다기,18kg Box,상,,2,33000
경북 상주시,오이,백다다기,18kg Box,상,,2,41000
경북 상주시,오이,백다다기,18kg Box,상,,3,39000
경북 상주시,오이,백다다기,18kg Box,상,,1,42000
경북 상주시,오이,백다다기,18kg Box,상,,3,42000
경북 상주시,오이,백다다기,18kg Box,중,,2,36000
경북 상주시,오이,백다다기,18kg Box,중,,3,45000
경북 상주시,오이,백다다기,18kg Box,중,,3,38000
경북 상주시,오이,백다다기,18kg Box,중,,2,29000
경북 상주시,오이,백다다기,18kg Box,중,,2,38000
경북 상주시,오이,백다다기,18kg Box,중,,1,22000
경북 상주시,오이,백다다기,18kg Box,중,,1,22000
경북 상주시,오이,백다다기,18kg Box,하,,1,36000
경북 상주시,오이,백다다기,18kg Box,하,,1,30000
경북 상주시,오이,백다다기,18kg Box,하,,1,30000
경북 상주시,오이,백다다기,10kg Box,특,50/청상,5,29000
경북 상주시,오이,백다다기,10kg Box,특,상,4,28500
경북 상주시,오이,백다다기,10kg Box,특,청상,19,35500
경북 상주시,오이,백다다기,10kg Box,특,상,5,30000
경북 상주시,오이,백다다기,10kg Box,특,적상,3,43500
경북 상주시,오이,백다다기,10kg Box,특,청상,12,38000
경북 상주시,오이,백다다기,10kg Box,특,청상,4,28500
경북 상주시,오이,백다다기,10kg Box,특,적상,74,39500
경북 상주시,오이,백다다기,10kg Box,특,청상,1,42500
경북 상주시,오이,백다다기,10kg Box,특,상,1,33000
경북 상주시,오이,백다다기,10kg Box,특,청상,3,36500
경북 상주시,오이,백다다기,10kg Box,특,상,10,33500
경북 상주시,오이,백다다기,10kg Box,특,적상,5,56500
경북 상주시,오이,백다다기,10kg Box,특,적상,10,37000
경북 상주시,오이,백다다기,10kg Box,특,상,2,34500
경북 상주시,오이,백다다기,10kg Box,특,적상,22,46500
경북 상주시,오이,백다다기,10kg Box,특,상,47,36000
경북 상주시,오이,백다다기,10kg Box,특,적상,39,49000
경북 상주시,오이,백다다기,10kg Box,특,청상,9,36000
경북 상주시,오이,백다다기,10kg Box,특,청상,11,33500
경북 상주시,오이,백다다기,10kg Box,특,적상,8,39500
경북 상주시,오이,백다다기,10kg Box,특,상,1,28500
경북 상주시,오이,백다다기,10kg Box,특,적상,2,36500
경북 상주시,오이,백다다기,10kg Box,특,적상,4,41500
경북 상주시,오이,백다다기,10kg Box,특,상,1,30000
경북 상주시,오이,백다다기,10kg Box,특,적상,28,56000
경북 상주시,오이,백다다기,10kg Box,특,청상,12,38500
경북 상주시,오이,백다다기,10kg Box,특,청상,12,35500
경북 상주시,오이,백다다기,10kg Box,특,청상,7,33500
경북 상주시,오이,백다다기,10kg Box,특,적상,17,51500
경북 상주시,오이,백다다기,10kg Box,특,,36,30000
경북 상주시,오이,백다다기,10kg Box,특,,1,26500
경북 상주시,오이,백다다기,10kg Box,특,,11,35000
경북 상주시,오이,백다다기,10kg Box,특,,4,26500
경북 상주시,오이,백다다기,10kg Box,특,,1,26500
경북 상주시,오이,백다다기,10kg Box,특,,7,30000
경북 상주시,오이,백다다기,10kg Box,특,청,2,28000
경북 상주시,오이,백다다기,10kg Box,상,청,1,28500
경북 상주시,오이,백다다기,10kg Box,상,,12,31500
경북 상주시,오이,백다다기,10kg Box,상,,13,22500
경북 상주시,오이,백다다기,10kg Box,상,청,3,28500
경북 상주시,오이,백다다기,10kg Box,상,,4,26500
경북 상주시,오이,백다다기,10kg Box,상,,3,27500
경북 상주시,오이,백다다기,10kg Box,상,,15,28000
경북 상주시,오이,백다다기,10kg Box,상,,1,20000
경북 상주시,오이,백다다기,10kg Box,중,,3,17500
경북 상주시,오이,백다다기,10kg Box,중,,2,24000
경북 상주시,오이,백다다기,10kg Box,중,청,4,25000
경북 상주시,오이,백다다기,10kg Box,중,,6,17500
경북 상주시,오이,백다다기,10kg Box,중,,4,20500
경북 상주시,오이,백다다기,10kg Box,중,,4,22500
경북 상주시,오이,백다다기,10kg Box,중,,4,25500
경북 상주시,오이,백다다기,10kg Box,중,청,1,18500
경북 상주시,오이,백다다기,10kg Box,하,,1,17000
경북 상주시,오이,백다다기,10kg Box,하,,2,17500
경북 상주시,오이,백다다기,10kg Box,특,50/적상,12,42500
경북 상주시,오이,백다다기,10kg Box,특,청상,1,33500
경북 상주시,오이,백다다기,10kg Box,특,적상,23,46000
경북 상주시,오이,백다다기,10kg Box,특,청상,20,34500
경북 상주시,오이,백다다기,10kg Box,특,상,9,34000
경북 상주시,오이,백다다기,10kg Box,특,청상,2,31000
경북 상주시,오이,백다다기,10kg Box,특,상,7,31000
경북 상주시,오이,백다다기,10kg Box,특,청,8,33500
경북 상주시,오이,백다다기,10kg Box,특,,5,26000
경북 상주시,오이,백다다기,10kg Box,특,청,2,29000
경북 상주시,오이,백다다기,10kg Box,상,청,1,28000
경북 상주시,오이,백다다기,10kg Box,중,,1,22500
경북 상주시,오이,백다다기,10kg Box,중,,1,23000
경북 상주시,오이,백다다기,10kg Box,하,,1,24000
경북 상주시,오이,백다다기,18kg Box,특,100/적상,5,83000
경북 상주시,오이,백다다기,18kg Box,특,적상,2,83000
경북 상주시,오이,백다다기,18kg Box,특,적상,2,82000
경북 상주시,오이,백다다기,18kg Box,특,청상,5,76000
경북 상주시,오이,백다다기,18kg Box,특,청상,8,78000
경북 상주시,오이,백다다기,18kg Box,특,청상,7,76000
경북 상주시,오이,백다다기,18kg Box,특,청상,5,76000
경북 상주시,오이,백다다기,18kg Box,특,청상,2,77000
경북 상주시,오이,백다다기,18kg Box,특,청상,8,77000
경북 상주시,오이,백다다기,18kg Box,특,청상,2,76000
경북 상주시,오이,백다다기,18kg Box,특,청상,5,78000
경북 상주시,오이,백다다기,18kg Box,특,상,6,72000
경북 상주시,오이,백다다기,18kg Box,특,상,9,72000
경북 상주시,오이,백다다기,18kg Box,특,상,8,72000
경북 상주시,오이,백다다기,18kg Box,특,상,9,73000
경북 상주시,오이,백다다기,18kg Box,특,상,18,73000
경북 상주시,오이,백다다기,18kg Box,특,상,16,73000
경북 상주시,오이,백다다기,18kg Box,특,상,5,71000
경북 상주시,오이,백다다기,18kg Box,특,상,5,72000
경북 상주시,오이,백다다기,18kg Box,특,상,13,70000
경북 상주시,오이,백다다기,18kg Box,특,상,13,71000
경북 상주시,오이,백다다기,18kg Box,특,상,4,68000
경북 상주시,오이,백다다기,18kg Box,특,청,20,58000
경북 상주시,오이,백다다기,18kg Box,특,청,9,60000
경북 상주시,오이,백다다기,18kg Box,특,청,11,59000
경북 상주시,오이,백다다기,18kg Box,특,청,16,63000
경북 상주시,오이,백다다기,18kg Box,특,청,26,62000
경북 상주시,오이,백다다기,18kg Box,특,청,10,62000
경북 상주시,오이,백다다기,18kg Box,특,청,24,59000
경북 상주시,오이,백다다기,18kg Box,특,청,12,60000
경북 상주시,오이,백다다기,18kg Box,특,청,20,60000
경북 상주시,오이,백다다기,18kg Box,특,청,24,62000
경북 상주시,오이,백다다기,18kg Box,특,청,23,60000
경북 상주시,오이,백다다기,18kg Box,특,청,21,61000
경북 상주시,오이,백다다기,18kg Box,특,,33,57000
경북 상주시,오이,백다다기,18kg Box,특,,24,56000
경북 상주시,오이,백다다기,18kg Box,특,,28,50000
경북 상주시,오이,백다다기,18kg Box,특,,1,46000
경북 상주시,오이,백다다기,18kg Box,특,,7,44000
경북 상주시,오이,백다다기,18kg Box,특,,29,47000
경북 상주시,오이,백다다기,18kg Box,특,,18,44000
경북 상주시,오이,백다다기,18kg Box,특,,19,45000
경북 상주시,오이,백다다기,18kg Box,특,,22,46000
경북 상주시,오이,백다다기,18kg Box,특,,11,50000
경북 상주시,오이,백다다기,18kg Box,특,,12,45000
경북 상주시,오이,백다다기,18kg Box,특,,34,52000
경북 상주시,오이,백다다기,18kg Box,특,,12,45000
경북 상주시,오이,백다다기,18kg Box,특,,10,53000
경북 상주시,오이,백다다기,18kg Box,상,청,16,42000
경북 상주시,오이,백다다기,18kg Box,상,청,9,44000
경북 상주시,오이,백다다기,18kg Box,상,청,15,43000
경북 상주시,오이,백다다기,18kg Box,상,청,2,40000
경북 상주시,오이,백다다기,18kg Box,상,청,7,44000
경북 상주시,오이,백다다기,18kg Box,상,청,24,45000
경북 상주시,오이,백다다기,18kg Box,상,청,27,46000
경북 상주시,오이,백다다기,18kg Box,상,청,21,48000
경북 상주시,오이,백다다기,18kg Box,상,청,25,46000
경북 상주시,오이,백다다기,18kg Box,상,청,19,45000
경북 상주시,오이,백다다기,18kg Box,상,청,23,47000
경북 상주시,오이,백다다기,18kg Box,상,,13,42000
경북 상주시,오이,백다다기,18kg Box,상,,10,43000
경북 상주시,오이,백다다기,18kg Box,상,,21,43000
경북 상주시,오이,백다다기,18kg Box,상,,18,42000
경북 상주시,오이,백다다기,18kg Box,상,,5,40000
경북 상주시,오이,백다다기,18kg Box,상,,3,43000
경북 상주시,오이,백다다기,18kg Box,상,,2,41000
경북 상주시,오이,백다다기,18kg Box,중,,7,36000
경북 상주시,오이,백다다기,18kg Box,중,,9,37000
경북 상주시,오이,백다다기,18kg Box,중,,4,36000
경북 상주시,오이,백다다기,18kg Box,하,,7,32000
경북 상주시,오이,백다다기,18kg Box,하,,6,37000
경북 상주시,오이,백다다기,18kg Box,하,,1,33000
경북 상주시,오이,백다다기,10kg Box,특,적특상,6,34500
경북 상주시,오이,백다다기,10kg Box,특,특상,33,33000
경북 상주시,오이,백다다기,10kg Box,상,,15,27500
광주 고흥군,오이,백다다기,10kg Box,특,50,28,35500
광주 고흥군,오이,백다다기,10kg Box,특,,2,40000
광주 고흥군,오이,백다다기,10kg Box,상,,1,19000
광주 고흥군,오이,백다다기,18kg Box,특,100,7,87000
광주 고흥군,오이,백다다기,18kg Box,특,,9,77000
광주 고흥군,오이,백다다기,18kg Box,특,,2,88000
광주 고흥군,오이,백다다기,18kg Box,특,,3,68000
광주 고흥군,오이,백다다기,18kg Box,특,,13,72000
광주 고흥군,오이,백다다기,18kg Box,특,,4,74000
광주 고흥군,오이,백다다기,18kg Box,특,,6,82000
광주 고흥군,오이,백다다기,18kg Box,특,,8,78000
광주 고흥군,오이,백다다기,18kg Box,특,,16,77000
광주 고흥군,오이,백다다기,18kg Box,특,,6,73000
광주 고흥군,오이,백다다기,18kg Box,특,,10,93000
광주 고흥군,오이,백다다기,18kg Box,특,,10,72000
광주 고흥군,오이,백다다기,18kg Box,특,,22,102000
광주 고흥군,오이,백다다기,18kg Box,특,,11,89000
광주 고흥군,오이,백다다기,18kg Box,특,,8,66000
광주 고흥군,오이,백다다기,18kg Box,특,,11,80000
광주 고흥군,오이,백다다기,18kg Box,특,2특,2,60000
광주 고흥군,오이,백다다기,18kg Box,특,2특,2,45000
광주 고흥군,오이,백다다기,18kg Box,상,,2,44000
광주 고흥군,오이,백다다기,18kg Box,상,,2,40000
광주 고흥군,오이,백다다기,18kg Box,상,,3,45000
광주 고흥군,오이,백다다기,18kg Box,상,,4,43000
광주 고흥군,오이,백다다기,18kg Box,상,,1,46000
광주 고흥군,오이,백다다기,18kg Box,상,,2,49000
광주 고흥군,오이,백다다기,18kg Box,상,,27,58000
광주 고흥군,오이,백다다기,18kg Box,상,,2,48000
광주 고흥군,오이,백다다기,18kg Box,상,,2,40000
광주 고흥군,오이,백다다기,18kg Box,상,,2,42000
광주 고흥군,오이,백다다기,18kg Box,상,,2,49000
광주 고흥군,오이,백다다기,18kg Box,상,,2,42000
광주 고흥군,오이,백다다기,18kg Box,상,,1,45000
광주 고흥군,오이,백다다기,18kg Box,상,,9,45000
광주 고흥군,오이,백다다기,18kg Box,상,,6,46000
광주 고흥군,오이,백다다기,18kg Box,중,,1,36000
광주 고흥군,오이,백다다기,18kg Box,중,,3,31000
광주 고흥군,오이,백다다기,18kg Box,중,,1,35000
광주 고흥군,오이,백다다기,18kg Box,중,,1,32000
광주 고흥군,오이,백다다기,18kg Box,중,,2,35000
광주 고흥군,오이,백다다기,18kg Box,중,,20,41000
광주 고흥군,오이,백다다기,18kg Box,특,100,5,67000
광주 고흥군,오이,백다다기,18kg Box,특,,9,74000
광주 고흥군,오이,백다다기,18kg Box,특,,6,87000
광주 고흥군,오이,백다다기,18kg Box,특,,10,96000
광주 고흥군,오이,백다다기,18kg Box,특,,7,79000
광주 고흥군,오이,백다다기,18kg Box,특,,4,78000
광주 고흥군,오이,백다다기,18kg Box,특,,2,70000
광주 고흥군,오이,백다다기,18kg Box,상,,6,45000
광주 고흥군,오이,백다다기,18kg Box,상,,9,47000
광주 고흥군,오이,백다다기,18kg Box,상,,2,46000
광주 고흥군,오이,백다다기,18kg Box,상,,1,46000
충남 부여군,오이,백다다기,18kg Box,특,100,75,72000
충남 부여군,오이,백다다기,18kg Box,상,,33,41000
충남 부여군,오이,백다다기,18kg Box,중,,1,15000
충남 부여군,오이,백다다기,18kg Box,특,100,1,57000
충남 부여군,오이,백다다기,18kg Box,특,,5,34000
충남 부여군,오이,백다다기,18kg Box,상,,3,17000
충남 부여군,오이,백다다기,18kg Box,특,100,5,28000
충남 부여군,오이,백다다기,10kg Box,특,50,6,28500
